Word,Part of Speech,Korean Meaning,Example Sentence,Korean Translation
Celsius,n.,섭씨,Water freezes at zero degrees Celsius.,물은 섭씨 0도에서 언다.
Doppler,n.,도플러 (효과),The Doppler effect explains why an ambulance siren changes pitch as it drives past you.,도플러 효과는 구급차 사이렌이 당신을 지나갈 때 음조가 변하는 이유를 설명한다.
Fahrenheit,n.,화씨,"In the United States, temperature is usually measured in Fahrenheit.",미국에서는 온도를 보통 화씨로 측정한다.
Gothic,adj.,고딕 양식의,Gothic cathedrals are known for their pointed arches and flying buttresses.,고딕 양식의 대성당은 뾰족한 아치와 플라잉 버트레스(공중 부벽)로 유명하다.
Gothic,adj.,고딕 양식의,The Gothic church features pointed arches and stained-glass windows.,그 고딕 양식의 교회는 뾰족한 아치와 스테인드글라스 창문이 특징이다.
a posteriori,adj.,후험적인 (경험 이후의),A posteriori knowledge is derived from empirical observation.,후험적 지식은 경험적 관찰로부터 파생된다.
a priori,adj.,선험적인 (경험 이전의),Mathematical truths are often considered to be known a priori.,수학적 진리는 종종 선험적으로 알려진 것으로 간주된다.
abolish,v.,폐지하다,The reformist leader promised to abolish outdated feudal laws.,개혁 성향의 지도자는 구시대적인 봉건 법률을 폐지하겠다고 약속했다.
absolute,adj.,절대의,Absolute zero is the lowest possible temperature where molecular motion stops.,절대영도는 분자 운동이 멈추는 가장 낮은 가능한 온도이다.
absolutism,n.,절대주의,Moral absolutism asserts that there are universal ethical standards that apply to all actions.,도덕적 절대주의는 모든 행동에 적용되는 보편적인 윤리 기준이 있다고 주장한다.
absorb,v.,흡수하다,Dark surfaces tend to absorb more heat than light-colored ones.,어두운 표면은 밝은색 표면보다 열을 더 많이 흡수하는 경향이 있다.
absorb,v.,흡수하다,Forests absorb large quantities of carbon dioxide from the atmosphere.,산림은 대기 중의 다량의 이산화탄소를 흡수한다.
abstract,adj.,추상적인,Abstract art uses shapes and colors rather than realistic representations.,추상 미술은 사실적인 묘사보다는 모양과 색상을 사용한다.
abstract,adj.,추상적인,Abstract paintings require the viewer to interpret the meaning.,추상화는 관람객이 의미를 해석하도록 요구한다.
abyss,n.,"심해, 심연","Strange, bioluminescent creatures live in the dark abyss of the ocean.",이상하고 생물 발광을 하는 생물체들이 바다의 어두운 심연에 산다.
acceleration,n.,가속(도),The car's rapid acceleration pushed the passengers back into their seats.,자동차의 빠른 가속은 승객들을 좌석 뒤로 밀착시켰다.
accent,n.,"억양, 강세",Her accent reveals her regional origin immediately.,그녀의 억양은 그녀의 지역적 출신을 즉시 드러낸다.
accessibility,n.,접근성,Digital media has improved the accessibility of information for everyone.,디지털 미디어는 모두를 위한 정보 접근성을 향상시켰다.
accountability,n.,"책임, 의무",There is a lack of accountability among senior government officials.,정부 고위 관료들 사이에는 책임감이 부족하다.
accrue,v.,"(이자, 이익 등이) 누적되다, 쌓이다",Interest will continue to accrue on the unpaid balance of your credit card.,신용카드 미납 잔액에 대해서는 이자가 계속 누적될 것이다.
accurate,adj.,정확한,The weather forecast was surprisingly accurate this week.,이번 주 일기 예보는 놀랍도록 정확했다.
acid,n.,산(성),"Lemon juice contains citric acid, which gives it a sour taste.",레몬즙에는 신맛을 내는 구연산이 들어 있다.
acidification,n.,산성화,Ocean acidification poses a major threat to coral reefs.,해양 산성화는 산호초에 주요한 위협이 된다.
acoustics,n.,"음향 시설, 음향학",The concert hall was designed to have perfect acoustics.,그 콘서트홀은 완벽한 음향 시설을 갖추도록 설계되었다.
acoustics,n.,"음향학, 음향 상태",The concert hall was designed with careful attention to its acoustics.,그 콘서트홀은 음향 상태에 세심한 주의를 기울여 설계되었다.
acoustics,n.,음향 시설,The concert hall was designed to ensure perfect acoustics for the orchestra.,콘서트홀은 오케스트라를 위한 완벽한 음향 시설을 보장하도록 설계되었다.
acquire,v.,"인수하다, 획득하다",The tech giant plans to acquire a promising AI startup.,그 거대 기술 기업은 유망한 AI 스타트업을 인수할 계획이다.
acquisition,n.,습득,First language acquisition happens naturally in early childhood.,제1언어 습득은 유아기에 자연스럽게 일어난다.
acquit,v.,무죄를 선고하다,The jury decided to acquit the defendant due to a lack of concrete evidence.,배심원단은 구체적인 증거 부족으로 피고에게 무죄를 선고하기로 결정했다.
acute,adj.,"급성의, 극심한",He was rushed to the hospital with acute abdominal pain.,그는 극심한 복통으로 병원에 급히 실려갔다.
acute,adj.,급성의,The patient was treated for an acute case of pneumonia.,그 환자는 급성 폐렴으로 치료를 받았다.
adapt,v.,적응하다,Plants and animals must adapt to the new environment to thrive.,식물과 동물들은 번성하기 위해 새로운 환경에 적응해야 한다.
adapt,v.,적응하다,Animals must adapt to changing climates to survive.,동물들은 생존하기 위해 변화하는 기후에 적응해야 한다.
adaptation,n.,적응,Communities are developing adaptation strategies to deal with rising sea levels.,지역 사회들은 해수면 상승에 대처하기 위한 적응 전략을 개발하고 있다.
administration,n.,투여,The administration of the medication should be done with food.,그 약물의 투여는 음식과 함께 이루어져야 한다.
administration,n.,"행정, 관리, (정부) 행정부",The new hospital administration improved patient care significantly.,새로운 병원 행정부는 환자 치료를 크게 개선했다.
adverse,adj.,"부정적인, 유해한",Some patients may experience adverse reactions to this antibiotic.,일부 환자들은 이 항생제에 대해 유해한 반응을 경험할 수 있다.
aerodynamics,n.,공기 역학,The sports car was designed with aerodynamics in mind to reduce drag.,그 스포츠카는 항력을 줄이기 위해 공기 역학을 염두에 두고 설계되었다.
aerosol,n.,"에어로졸, 연무질","Volcanic eruptions release aerosols into the atmosphere, which can cool the climate.",화산 폭발은 대기 중으로 에어로졸을 방출하여 기후를 냉각시킬 수 있다.
aesthetic,adj.,미적인,The aesthetic appeal of the garden lies in its perfect symmetry.,그 정원의 미적 매력은 완벽한 대칭에 있다.
aesthetic,n.,미학,Her artistic aesthetic is heavily influenced by Japanese traditional art.,그녀의 예술적 미학은 일본 전통 예술에 큰 영향을 받았다.
aesthetic,adj.,"미적인, 심미적인",The film was praised for its highly distinctive aesthetic qualities.,그 영화는 매우 독특한 심미적 특성으로 찬사를 받았다.
aestheticism,n.,유미주의,Aestheticism is the art movement that prioritizes beauty over social or moral themes.,유미주의는 사회적이나 도덕적 주제보다 아름다움을 우선시하는 예술 운동이다.
aesthetics,n.,"미학, 미적 가치",The professor discussed the aesthetics of Renaissance painting.,교수는 르네상스 회화의 미학에 대해 논의했다.
affluent,adj.,부유한,The affluent neighborhood is known for its large houses and private schools.,그 부유한 동네는 큰 집들과 사립 학교들로 유명하다.
agenda,n.,"안건, 의제",The journalist questioned whether the newspaper had a political agenda.,기자는 그 신문이 정치적 의제를 가지고 있는지 질문했다.
agenda-setting,n.,의제 설정,The media's agenda-setting role influences which topics the public considers important.,미디어의 의제 설정 역할은 대중이 어떤 주제를 중요하게 생각하는지에 영향을 미친다.
agnosticism,n.,불가지론,Agnosticism holds that human reason is incapable of providing sufficient rational grounds to justify either the belief that God exists or the belief that God does not exist.,불가지론은 인간의 이성이 신이 존재한다는 믿음이나 존재하지 않는다는 믿음 중 어느 것도 정당화할 충분한 합리적 근거를 제공할 능력이 없다고 주장한다.
algebra,n.,대수학,Algebra involves using letters and symbols to represent numbers in equations.,대수학은 방정식에서 숫자를 나타내기 위해 문자와 기호를 사용하는 것을 포함한다.
algorithm,n.,알고리즘,The search engine uses a complex algorithm to rank web pages.,그 검색 엔진은 웹 페이지의 순위를 매기기 위해 복잡한 알고리즘을 사용한다.
algorithm,n.,알고리즘,Social media algorithms determine what content users see on their feeds.,소셜 미디어 알고리즘은 사용자가 피드에서 무엇을 볼지 결정한다.
alienate,v.,소외감을 느끼게 하다,His aggressive behavior began to alienate his friends and colleagues.,그의 공격적인 행동은 친구들과 동료들이 소외감을 느끼게 하기 시작했다.
alienation,n.,소외,Social alienation can have serious effects on mental health.,사회적 소외는 정신 건강에 심각한 영향을 미칠 수 있다.
alkaline,adj.,"알칼리성의, 염기성의",Baking soda is a mild alkaline substance used in cooking and cleaning.,베이킹 소다는 요리와 청소에 사용되는 약한 알칼리성 물질이다.
allegory,n.,"우화, 풍유(법)",Animal Farm is an allegory of the Russian Revolution.,동물 농장은 러시아 혁명의 우화이다.
allegory,n.,우화,The painting serves as an allegory for the struggles of the working class.,그 그림은 노동자 계층의 고군분투에 대한 우화 역할을 한다.
alliance,n.,"동맹, 연합",The two nations formed a military alliance to protect each other from attacks.,두 국가는 공격으로부터 서로를 보호하기 위해 군사 동맹을 맺었다.
alliteration,n.,두운(법),The phrase 'sweet birds sang' is a simple example of alliteration.,'sweet birds sang'이라는 구절은 두운법의 간단한 예이다.
allocate,v.,"할당하다, 배분하다",The committee must allocate the remaining funds to various community projects.,위원회는 남은 자금을 다양한 지역 사회 프로젝트에 할당해야 한다.
allocation,n.,"할당, 배분",Efficient resource allocation is essential for economic growth.,효율적인 자원 배분은 경제 성장에 필수적이다.
alloy,n.,합금,Steel is an alloy made primarily of iron and carbon.,강철은 주로 철과 탄소로 만들어진 합금이다.
ally,n.,동맹(국),"During the war, the two nations became staunch allies against a common enemy.",전쟁 중에 두 국가는 공통의 적에 맞서 굳건한 동맹국이 되었다.
altitude,n.,"고도, 해발","At high altitudes, the air pressure is significantly lower.",높은 고도에서는 기압이 현저히 낮다.
altitude,n.,고도,"At a high altitude, the air is thin and oxygen levels are low.",높은 고도에서는 공기가 희박하고 산소 수준이 낮다.
altruism,n.,이타주의,"Some argue that true altruism does not exist, as people always act out of self-interest.",어떤 사람들은 사람들이 항상 사리사욕에서 행동하기 때문에 진정한 이타주의는 존재하지 않는다고 주장한다.
altruism,n.,이타주의,The evolutionary basis of altruism remains a debated topic.,이타주의의 진화적 근거는 여전히 논쟁 중인 주제이다.
alumni,n.,졸업생들,The university relies heavily on donations from successful alumni.,그 대학은 성공한 졸업생들의 기부에 크게 의존한다.
ambassador,n.,대사,She was appointed as the US ambassador to the United Nations.,그녀는 유엔 주재 미국 대사로 임명되었다.
ambient,adj.,"주위의, 잔잔한",The sensor adjusts the screen brightness based on the ambient light.,센서는 주위 빛에 따라 화면 밝기를 조절한다.
ambiguity,n.,모호성,Lexical ambiguity occurs when a word has more than one meaning.,어휘적 모호성은 단어가 하나 이상의 의미를 가질 때 발생한다.
amendment,n.,"수정(안), 개정안",The senator proposed a controversial amendment to the tax bill.,상원 의원은 세금 법안에 대해 논란이 많은 수정안을 제안했다.
amnesty,n.,"사면, 특사",The newly elected president granted amnesty to all political prisoners.,새로 선출된 대통령은 모든 정치범들에게 사면을 단행했다.
amphibian,n.,양서류,Frogs are amphibians that begin their lives in the water.,개구리는 물에서 삶을 시작하는 양서류이다.
amplitude,n.,진폭,The amplitude of a wave determines the loudness of a sound.,파동의 진폭은 소리의 크기를 결정한다.
amygdala,n.,편도체,The amygdala processes fear and emotional responses.,편도체는 공포와 감정적 반응을 처리한다.
anachronism,n.,시대착오(적인 사람/관습),"In today's digital world, a typewriter feels like an anachronism.",오늘날의 디지털 세계에서 타자기는 시대착오적인 물건처럼 느껴진다.
anaphora,n.,지시어(조응),Anaphora refers to the use of a word that refers back to a previous noun.,지시어는 앞선 명사를 다시 가리키는 단어의 사용을 의미한다.
anatomy,n.,"해부학, 구조",Medical students spend years studying human anatomy.,의대생들은 인체 해부학을 공부하는 데 수년을 보낸다.
ancestor,n.,"조상, 선조",Her ancestors migrated to this country during the early 19th century.,그녀의 조상들은 19세기 초에 이 나라로 이주했다.
ancestry,n.,"혈통, 조상",A DNA test revealed unexpected details about her ancestry.,DNA 검사는 그녀의 혈통에 대한 예상치 못한 세부 사항들을 밝혀냈다.
ancient,adj.,고대의,Ancient Egyptian culture was deeply intertwined with the flooding of the Nile.,고대 이집트 문화는 나일강의 범람과 깊게 얽혀 있었다.
anecdote,n.,일화,The speaker started his presentation with an amusing anecdote from his childhood.,연사는 자신의 어린 시절의 재미있는 일화로 발표를 시작했다.
anesthesia,n.,마취,The patient was put under general anesthesia before the major operation.,환자는 대수술 전에 전신 마취되었다.
annexation,n.,"합병, 병합",The annexation of the neighboring territory provoked international outrage.,이웃 영토의 합병은 국제적인 분노를 불러일으켰다.
anomaly,n.,"이례적인 것, 변칙",The sudden spike in temperature was treated as a statistical anomaly.,온도의 갑작스러운 급상승은 통계적 변칙으로 취급되었다.
anomie,n.,"아노미, 무규범 상태","Rapid social change can lead to anomie, a state of normlessness.","급격한 사회 변화는 아노미, 즉 무규범 상태로 이어질 수 있다."
anonymous,adj.,익명의,The whistleblower provided the sensitive information through an anonymous account.,내부 고발자는 익명 계정을 통해 민감한 정보를 제공했다.
antagonist,n.,"적대자, 악역",The antagonist in the film is a corrupt politician.,그 영화의 적대자는 부패한 정치인이다.
anthology,n.,"문집, 선집",The book is an anthology of modern American short stories.,그 책은 현대 미국 단편 소설 선집이다.
anthropology,n.,인류학,Physical anthropology examines the biological evolution of humans.,자연 인류학은 인간의 생물학적 진화를 조사한다.
anthropology,n.,인류학,Anthropology provides insights into human diversity and cultural evolution.,인류학은 인간의 다양성과 문화적 진화에 대한 통찰력을 제공한다.
antibiotic,n.,항생제,Antibiotics are used specifically to treat bacterial infections.,항생제는 박테리아 감염을 치료하기 위해 특별히 사용된다.
antibody,n.,항체,The body produces antibodies to recognize and neutralize foreign invaders.,몸은 외부 침입자를 인식하고 중화하기 위해 항체를 생성한다.
antibody,n.,항체,The body produces antibodies to fight off harmful bacteria.,몸은 해로운 박테리아와 싸우기 위해 항체를 생성한다.
antidote,n.,해독제,The doctor administered the antidote immediately after identifying the snake venom.,의사는 뱀 독을 확인한 직후 즉시 해독제를 투여했다.
antiquity,n.,"고대 (특히 그리스, 로마 시대)",The museum holds a vast collection of artifacts from classical antiquity.,그 박물관은 고전 고대 시대의 방대한 유물 컬렉션을 소장하고 있다.
anxiety,n.,불안,Generalized anxiety disorder involves chronic worry about various issues.,범불안장애는 다양한 문제에 대한 만성적인 걱정을 포함한다.
apathy,n.,"무관심, 냉담",The public's apathy toward the election resulted in a low voter turnout.,선거에 대한 대중의 무관심은 낮은 투표율을 초래했다.
apparatus,n.,"장치, 기구",The laboratory is equipped with state-of-the-art apparatus for chemical analysis.,그 실험실은 화학 분석을 위한 최첨단 장치를 갖추고 있다.
appeal,n.,"항소, 상고 / v. 항소하다",The defense team immediately filed an appeal to a higher court.,변호인단은 즉각 상급 법원에 항소를 제기했다.
appendix,n.,부록,You can find a list of additional resources in the appendix.,부록에서 추가 자료 목록을 찾을 수 있습니다.
applause,n.,박수(갈채),The performance ended to thunderous applause from the audience.,그 공연은 관객들의 우레와 같은 박수 속에 끝났다.
applause,n.,박수,The performance was met with rapturous applause from the audience.,공연은 관객들로부터 열광적인 박수를 받았다.
application,n.,응용 프로그램 (앱),This software application is designed to help businesses manage their inventory.,이 소프트웨어 응용 프로그램은 기업이 재고를 관리하도록 돕기 위해 설계되었다.
appraisal,n.,"평가, 감정","Before approving the mortgage, the bank ordered an appraisal of the house.",주택 담보 대출을 승인하기 전에 은행은 그 집의 감정을 지시했다.
appraise,v.,"평가하다, 감정하다",Supervisors must appraise their employees' performance annually.,감독관들은 매년 직원들의 업무 성과를 평가해야 한다.
appreciate,v.,"감상하다, 진가를 알아보다",You don't need to be an expert to appreciate classical music.,클래식 음악을 감상하기 위해 전문가가 될 필요는 없다.
approximate,adj.,대략적인,The approximate distance from the Earth to the Sun is 93 million miles.,"지구에서 태양까지의 대략적인 거리는 9,300만 마일이다."
aptitude,n.,"소질, 적성",The test is designed to measure students' mathematical aptitude.,이 시험은 학생들의 수학적 적성을 측정하도록 고안되었다.
aquatic,adj.,"물의, 수생의",Frogs spend the first part of their lives in an aquatic environment.,개구리는 삶의 첫 단계를 수생 환경에서 보낸다.
aquifer,n.,대수층 (지하수를 품고 있는 지층),The regional aquifer supplies drinking water to millions of residents.,그 지역의 대수층은 수백만 명의 주민들에게 식수를 공급한다.
aquifer,n.,대수층,Overpumping of the aquifer has led to land subsidence.,대수층의 과도한 펌프질은 지반 침하를 초래했다.
arch,n.,아치,The Romans used the arch to construct strong bridges and aqueducts.,로마인들은 튼튼한 다리와 수로를 건설하기 위해 아치를 사용했다.
archaeological,adj.,고고학적인,The archaeological site dates back to the Bronze Age.,그 고고학 유적지는 청동기 시대로 거슬러 올라간다.
archaeology,n.,고고학,Archaeology provides physical evidence that helps us reconstruct the past.,고고학은 우리가 과거를 재구성하는 데 도움을 주는 물리적 증거를 제공한다.
archetype,n.,원형,Jung proposed that archetypes are universal images in the collective unconscious.,융은 원형이 집단 무의식 속의 보편적 이미지라고 제안했다.
architectural,adj.,건축의,The city center features a mix of modern and historic architectural styles.,도심은 현대적 건축 양식과 역사적 건축 양식이 혼합되어 있다.
architecture,n.,"건축, 건축학",Roman architecture heavily influenced building designs in Western Europe.,로마 건축은 서유럽의 건물 디자인에 큰 영향을 미쳤다.
archive,n.,기록 보관소,Historians spent months studying classified documents in the national archive.,역사학자들은 국가 기록 보관소에서 기밀 문서들을 연구하는 데 수개월을 보냈다.
archive,v.,보관소에 저장하다,Old emails are automatically archived to save storage space.,오래된 이메일은 저장 공간을 절약하기 위해 자동으로 보관된다.
arid,adj.,건조한,Many plants in arid regions have adapted to store water for long periods.,건조한 지역의 많은 식물은 장기간 물을 저장하도록 적응해 왔다.
aristocrat,n.,귀족,The young aristocrat inherited a vast estate and considerable wealth.,젊은 귀족은 광대한 영지와 상당한 부를 물려받았다.
arithmetic,n.,"산수, 연산","Basic arithmetic includes addition, subtraction, multiplication, and division.","기본적인 산수에는 덧셈, 뺄셈, 곱셈, 나눗셈이 포함된다."
armistice,n.,휴전 (협정),"An armistice was declared, bringing a temporary halt to the fighting.",휴전이 선언되어 전투가 일시적으로 중단되었다.
artery,n.,동맥,Arteries transport oxygen-rich blood away from the heart.,동맥은 산소가 풍부한 혈액을 심장에서 몸으로 운반한다.
articulate,v.,분명히 표현하다,She struggled to articulate her thoughts and feelings.,그녀는 자신의 생각과 감정을 분명히 표현하기 위해 애썼다.
artifact,n.,"유물, 인공물",Researchers analyzed the ancient artifact to determine its age and origin.,연구원들은 그 고대 유물의 연대와 기원을 파악하기 위해 분석했다.
artificial intelligence,n.,인공지능 (AI),Artificial intelligence is revolutionizing industries from healthcare to finance.,인공지능은 의료에서 금융에 이르기까지 산업 전반에 혁명을 일으키고 있다.
artisan,n.,"장인, 기능공",Skilled artisans crafted intricate jewelry for the royal family.,숙련된 장인들이 왕실을 위해 복잡한 장신구를 만들었다.
asceticism,n.,금욕주의,"Monks often practice asceticism, denying themselves physical pleasures for spiritual growth.",수도승들은 영적 성장을 위해 육체적 쾌락을 부인하며 종종 금욕주의를 실천한다.
assembly,n.,"조립, 집회",Henry Ford revolutionized the automotive industry with the assembly line.,헨리 포드는 조립 라인으로 자동차 산업에 혁명을 일으켰다.
asset,n.,자산,"Real estate is generally considered a safe, long-term asset.",부동산은 일반적으로 안전한 장기 자산으로 간주된다.
assimilate,v.,동화되다,Immigrants often face the challenge of trying to assimilate into a new culture.,이민자들은 종종 새로운 문화에 동화되려는 도전에 직면한다.
assimilation,n.,동화,Cultural assimilation occurs when a minority group adopts the customs of the dominant culture.,문화적 동화는 소수 집단이 주류 문화의 관습을 채택할 때 발생한다.
asteroid,n.,소행성,The asteroid belt is located between the orbits of Mars and Jupiter.,소행성대는 화성과 목성의 궤도 사이에 위치해 있다.
astronomy,n.,천문학,"Astronomy is the scientific study of stars, planets, and the universe.","천문학은 별, 행성, 그리고 우주에 대한 과학적 연구이다."
asylum,n.,"망명, 피난처",The political dissident fled his home country and sought asylum in Europe.,정치적 반체제 인사는 고국을 탈출하여 유럽에 망명을 요청했다.
asylum,n.,망명,The political activist sought asylum in a neighboring country.,정치 활동가는 이웃 국가에 망명을 요청했다.
asymptomatic,adj.,무증상의,Some infected individuals remain asymptomatic but can still spread the virus.,일부 감염된 개인들은 무증상 상태로 남아 있지만 여전히 바이러스를 퍼뜨릴 수 있다.
atheism,n.,무신론,Atheism is broadly defined as the rejection of belief in the existence of deities.,무신론은 광범위하게 신들의 존재에 대한 믿음의 거부로 정의된다.
atmosphere,n.,"대기, 공기",The Earth's atmosphere protects us from harmful solar radiation.,지구의 대기는 유해한 태양 복사선으로부터 우리를 보호한다.
atmosphere,n.,대기,The atmosphere acts as a protective shield for life on Earth.,대기는 지구상의 생명체를 위한 보호막 역할을 한다.
atom,n.,원자,An atom is the smallest unit of ordinary matter.,원자는 일반 물질의 가장 작은 단위이다.
attachment,n.,애착,Secure attachment in childhood predicts better mental health in adulthood.,아동기의 안정적 애착은 성인기의 더 나은 정신 건강을 예견한다.
attention,n.,주의력,Selective attention allows us to focus on relevant information.,선택적 주의력은 우리가 관련 정보에 집중하도록 한다.
attention span,n.,주의 집중 시간,Digital habits may be shortening the average human attention span.,디지털 습관은 인간의 평균 주의 집중 시간을 단축시키고 있을지 모른다.
attorney,n.,"변호사, 대리인",She hired a top defense attorney to represent her in the upcoming trial.,그녀는 다가오는 재판에서 자신을 대리할 최고 수준의 방어 변호사를 고용했다.
attribution,n.,귀인,Attribution theory explores how people explain the causes of behavior.,귀인 이론은 사람들이 행동의 원인을 어떻게 설명하는지 탐구한다.
auction,n.,경매,The rare vase was sold at auction for over a million dollars.,그 희귀한 꽃병은 경매에서 100만 달러 이상에 팔렸다.
audience,n.,"청중, 독자층",The campaign is targeted at a younger audience through social media.,그 캠페인은 소셜 미디어를 통해 젊은 독자층을 겨냥하고 있다.
audit,n.,회계 감사,An independent accounting firm will conduct the annual financial audit.,독립적인 회계 법인이 연례 재무 감사를 실시할 것이다.
audit,n.,"감사, 회계 감사",The government agency will undergo an independent financial audit next month.,정부 기관은 다음 달에 독립적인 재무 감사를 받을 것이다.
audition,n.,오디션,Hundreds of aspiring actors showed up for the audition.,수백 명의 배우 지망생들이 오디션에 나타났다.
auditory,adj.,청각의,The sound installation provides a unique auditory experience for visitors.,그 사운드 설치물은 방문객들에게 독특한 청각적 경험을 제공한다.
authentic,adj.,"진품의, 진짜인",Experts confirmed that the discovered painting is an authentic Picasso.,전문가들은 발견된 그림이 피카소의 진품임을 확인했다.
authentic,adj.,"진짜인, 진품의",Experts verified that the historical document is indeed authentic.,전문가들은 그 역사 문서가 확실히 진품임을 확인했다.
authenticate,v.,인증하다,Users must authenticate their identity using a password and a fingerprint.,사용자들은 비밀번호와 지문을 사용하여 신원을 인증해야 한다.
author,n.,"저자, 작가",The author of the best-selling series announced a new book.,베스트셀러 시리즈의 저자가 새 책을 발표했다.
authorize,v.,권한을 부여하다,Only system administrators are authorized to access this restricted folder.,시스템 관리자만이 이 제한된 폴더에 접근할 권한이 부여된다.
autocracy,n.,독재 정치,The nation transitioned from a military autocracy to a democratic republic.,그 국가는 군사 독재 정치에서 민주 공화국으로 전환했다.
autodidact,n.,독학자,He was a brilliant autodidact who learned multiple languages on his own.,그는 스스로 여러 언어를 배운 뛰어난 독학자였다.
automate,v.,자동화하다,Companies are using software to automate repetitive administrative tasks.,기업들은 반복적인 관리 작업을 자동화하기 위해 소프트웨어를 사용하고 있다.
automation,n.,자동화,Factory automation has significantly increased production speed and accuracy.,공장 자동화는 생산 속도와 정확성을 크게 향상시켰다.
autonomous,adj.,자율적인,Autonomous vehicles are expected to drastically reduce traffic accidents.,자율 주행 차량은 교통사고를 크게 줄일 것으로 기대된다.
autonomy,n.,자율(성),Respecting a patient's autonomy is a fundamental principle of bioethics.,환자의 자율성을 존중하는 것은 생명윤리의 기본 원칙이다.
autonomy,n.,"자치권, 자율성",The region was granted political autonomy but remains part of the larger country.,그 지역은 정치적 자치권을 부여받았지만 더 큰 국가의 일부로 남아 있다.
autonomy,n.,"자치권, 자율성",The region was granted a high degree of political autonomy.,그 지역은 높은 수준의 정치적 자치권을 부여받았다.
avant-garde,adj.,전위적인,The avant-garde theater company performed a highly experimental play.,그 전위적인 극단은 매우 실험적인 연극을 공연했다.
avant-garde,adj.,"전위적인, 시대를 앞서가는",Her avant-garde fashion designs challenged traditional concepts of beauty.,그녀의 전위적인 패션 디자인은 전통적인 미의 개념에 도전했다.
awareness,n.,인식,The campaign aims to raise awareness about the urgency of protecting our oceans.,그 캠페인은 우리 바다를 보호해야 할 긴급성에 대한 인식을 높이는 것을 목표로 한다.
axiom,n.,"공리, 자명한 이치",It is a widely accepted axiom that parallel lines never meet.,평행선은 결코 만나지 않는다는 것은 널리 받아들여지는 공리이다.
backup,n.,"백업, 예비",It is crucial to keep a backup of all important files on an external hard drive.,모든 중요한 파일의 백업을 외부 하드 드라이브에 보관하는 것이 매우 중요하다.
bail,n.,보석(금),"The judge set bail at $500,000, considering the suspect a flight risk.",판사는 용의자가 도주 위험이 있다고 간주하여 보석금을 50만 달러로 책정했다.
ballet,n.,발레,Classical ballet requires incredible physical strength and flexibility.,고전 발레는 엄청난 육체적 힘과 유연성을 요구한다.
ballot,n.,"투표용지, 비밀 투표",Voters cast their ballot in secret to ensure a fair election.,유권자들은 공정한 선거를 보장하기 위해 비밀리에 투표(용지)를 던진다.
bandwidth,n.,대역폭,Streaming high-definition video requires an internet connection with high bandwidth.,고화질 비디오를 스트리밍하려면 대역폭이 높은 인터넷 연결이 필요하다.
bankrupt,adj.,파산한,The airline went bankrupt after failing to secure a government bailout.,그 항공사는 정부의 구제 금융을 확보하지 못해 파산했다.
barometer,n.,기압계,A falling barometer often indicates an approaching storm.,기압계 수치의 하락은 종종 다가오는 폭풍을 나타낸다.
baroque,adj.,바로크 양식의,Baroque art is known for its ornate and dramatic style.,바로크 예술은 화려하고 극적인 양식으로 유명하다.
basin,n.,"분지, 유역",The Amazon River basin is home to the largest rainforest on Earth.,아마존강 유역은 지구상에서 가장 큰 열대우림의 본고장이다.
behaviorism,n.,행동주의,Behaviorism emphasizes learning through conditioning.,행동주의는 조건화를 통한 학습을 강조한다.
behaviorism,n.,행동주의,Behaviorism focuses on observable actions rather than internal mental states.,행동주의는 내면의 정신 상태보다는 관찰 가능한 행동에 초점을 맞춘다.
benign,adj.,양성의,"Fortunately, the tests showed that the tumor was benign.",다행히도 검사 결과 종양은 양성인 것으로 나타났다.
bias,n.,"편견, 치우침",Readers should be aware of potential bias in news reporting.,독자들은 뉴스 보도에서의 잠재적인 편견을 인지해야 한다.
bias,n.,편향,Confirmation bias affects how we seek and interpret information.,확증 편향은 우리가 정보를 찾고 해석하는 방식에 영향을 준다.
bias,n.,편향,Confirmation bias leads people to favor information that supports their beliefs.,확증 편향은 사람들이 자신의 신념을 지지하는 정보를 선호하도록 이끈다.
bias,n.,편향,Cognitive bias can affect how we interpret media reports.,인지적 편향은 우리가 미디어 보도를 어떻게 해석하는지에 영향을 미칠 수 있다.
bibliography,n.,참고문헌,Make sure to include a complete bibliography at the end of your essay.,에세이 끝에 완전한 참고문헌을 포함해야 합니다.
bilateral,adj.,"쌍무적인, 양자 간의",The presidents held a bilateral meeting to discuss trade agreements.,대통령들은 무역 협정을 논의하기 위해 양자 회담을 가졌다.
bilingual,adj.,두 언어를 할 줄 아는,"Growing up in a bilingual household, she speaks both English and Spanish.","이중 언어 가정에서 자라, 그녀는 영어와 스페인어를 모두 할 줄 안다."
bilingualism,n.,이중 언어 상용,Bilingualism has been shown to have cognitive benefits for children.,이중 언어 사용은 아이들에게 인지적 이점이 있는 것으로 나타났다.
bilingualism,n.,이중 언어 사용,Bilingualism can enhance cognitive flexibility in children.,이중 언어 사용은 아동의 인지적 유연성을 향상시킬 수 있다.
biodiversity,n.,생물 다양성,Tropical rainforests are known for their incredibly rich biodiversity.,열대 우림은 믿을 수 없을 정도로 풍부한 생물 다양성으로 알려져 있다.
biodiversity,n.,생물 다양성,Protecting biodiversity is crucial for maintaining a healthy ecosystem.,생물 다양성을 보호하는 것은 건강한 생태계를 유지하는 데 필수적이다.
biofuel,n.,바이오 연료,Biofuel derived from algae could be an important energy source in the future.,조류에서 추출한 바이오 연료는 미래의 중요한 에너지원이 될 수 있다.
biomass,n.,바이오매스,Biomass energy utilizes organic materials like plant waste as a fuel source.,바이오매스 에너지는 식물 폐기물과 같은 유기 물질을 연료원으로 활용한다.
biomass,n.,"생물량, 바이오매스",Burning biomass for energy can reduce dependence on fossil fuels.,에너지를 위해 바이오매스를 태우는 것은 화석 연료에 대한 의존을 줄일 수 있다.
biometric,adj.,생체 인식의,"Many smartphones now use biometric authentication, such as facial recognition.",많은 스마트폰이 이제 안면 인식과 같은 생체 인식 인증을 사용한다.
biopsy,n.,생검,The doctor performed a biopsy to determine if the tumor was malignant.,의사는 종양이 악성인지 확인하기 위해 생검을 실시했다.
bipartisan,adj.,"초당적인, 양당의",The new infrastructure bill received widespread bipartisan support.,새로운 인프라 법안은 광범위한 초당적 지지를 받았다.
bipolar,adj.,양극성의,Bipolar disorder involves cycles of extreme highs and extreme lows.,양극성 장애(조울증)는 극단적인 고조기와 저조기의 주기를 포함한다.
black hole,n.,블랙홀,Not even light can escape the immense gravitational pull of a black hole.,빛조차도 블랙홀의 엄청난 중력을 벗어날 수 없다.
bleaching,n.,백화 현상,Coral bleaching is caused by rising water temperatures.,산호 백화 현상은 높아지는 수온에 의해 발생한다.
blueprint,n.,"청사진, 계획",The architect presented the blueprint for the new library.,건축가가 새 도서관의 청사진을 제시했다.
blueprint,n.,"청사진, 상세 계획",The construction workers followed the blueprint carefully.,건설 노동자들은 청사진을 주의 깊게 따랐다.
bond,n.,채권,The city issued municipal bonds to fund the construction of a new bridge.,시는 새 다리 건설 자금을 조달하기 위해 지방채를 발행했다.
borrowing,n.,차용,English includes a lot of vocabulary through historical borrowing.,영어는 역사적인 차용을 통해 많은 어휘를 포함한다.
boundary,n.,경계,The river forms a natural boundary between the two countries.,그 강은 두 나라 사이의 자연적인 경계를 형성한다.
boycott,n.,"보이콧, 불매 운동",Several countries announced a diplomatic boycott of the Winter Olympics.,몇몇 국가들이 동계 올림픽에 대한 외교적 보이콧을 발표했다.
boycott,n.,"보이콧, 불매 운동",Activists called for a boycott of companies using child labor.,활동가들은 아동 노동을 사용하는 기업들에 대한 불매 운동을 촉구했다.
breach,n.,"위반, 침해",The massive data breach exposed the personal information of millions of customers.,대규모 데이터 침해로 수백만 고객의 개인 정보가 유출되었다.
bribery,n.,뇌물 수수,The politician resigned following allegations of bribery and corruption.,그 정치인은 뇌물 수수 및 부패 혐의 이후 사임했다.
broadband,n.,광대역,The government plans to expand broadband access to rural areas.,정부는 농촌 지역으로 광대역 접속을 확대할 계획이다.
broadcast,v.,방송하다,The concert will be broadcast live on television and the internet.,그 콘서트는 텔레비전과 인터넷으로 생방송될 것이다.
buffer,n.,완충지대,The wetlands act as a natural buffer against flooding in coastal areas.,습지는 해안 지역에서 홍수에 대한 자연적인 완충지대 역할을 한다.
bureaucracy,n.,관료제,Large organizations often struggle with the rigidity of their own bureaucracy.,대규모 조직들은 종종 그들 자신의 관료제의 경직성으로 고군분투한다.
bureaucracy,n.,"관료제, 관료주의",The complex bureaucracy delayed the implementation of the new project.,복잡한 관료주의가 새로운 프로젝트의 실행을 지연시켰다.
bureaucracy,n.,"관료주의, 관료제",Red tape and inefficiency are common complaints about government bureaucracy.,번거로운 절차와 비효율성은 정부 관료제에 대한 흔한 불만이다.
bureaucracy,n.,"관료주의, 관료제",The complex government bureaucracy makes it difficult to implement rapid changes.,복잡한 정부 관료제는 빠른 변화를 시행하기 어렵게 만든다.
byproduct,n.,부산물,"Molasses is a sweet, sticky byproduct of refining sugar cane.",당밀은 사탕수수를 정제할 때 나오는 달콤하고 끈적끈적한 부산물이다.
calculus,n.,미적분학,Calculus is essential for understanding continuous change in physics and engineering.,미적분학은 물리학과 공학에서 연속적인 변화를 이해하는 데 필수적이다.
calibrate,v.,"눈금을 매기다, 조정하다",The thermometer must be calibrated to ensure accurate temperature readings.,정확한 온도 측정을 보장하기 위해 온도계를 조정해야 한다.
calibrate,v.,"눈금을 매기다, 영점을 맞추다",The testing equipment must be calibrated daily to ensure precise results.,정확한 결과를 보장하기 위해 테스트 장비는 매일 영점을 맞춰야 한다.
campaign,n.,"선거 운동, 캠페인",The presidential candidate spent millions on his re-election campaign.,대통령 후보는 재선 선거 운동에 수백만 달러를 썼다.
cantilever,n.,"외팔보, 캔틸레버",The architect designed a stunning cantilever roof that extends over the patio.,건축가는 파티오 위로 뻗어 있는 멋진 외팔보 지붕을 설계했다.
canvas,n.,캔버스,The artist prepared the canvas with several layers of primer.,화가는 캔버스를 여러 겹의 프라이머로 준비했다.
capacity,n.,"용량, 수용력",The new battery factory will have an annual production capacity of 10 gigawatts.,새 배터리 공장은 연간 10기가와트의 생산 용량을 갖출 것이다.
capitalism,n.,자본주의,Capitalism is based on private ownership and free-market competition.,자본주의는 사유 재산과 자유 시장 경쟁에 기반한다.
carbon,n.,탄소,Carbon footprint refers to the total emissions caused by an individual or event.,탄소 발자국은 개인이나 이벤트에 의해 발생하는 총 배출량을 의미한다.
cardiovascular,adj.,심혈관의,Regular cardio exercise improves cardiovascular health.,규칙적인 유산소 운동은 심혈관 건강을 향상시킨다.
cartography,n.,지도 제작법,Advances in satellite technology have revolutionized modern cartography.,위성 기술의 발전은 현대 지도 제작법에 혁명을 일으켰다.
caste,n.,카스트 (계급),The caste system is a rigid social structure found in some traditional societies.,카스트 제도는 일부 전통 사회에서 발견되는 엄격한 사회 구조이다.
catalyst,n.,촉매,Enzymes act as a catalyst to speed up biological processes.,효소는 생물학적 과정을 가속화하는 촉매 역할을 한다.
catharsis,n.,카타르시스,Expressing repressed emotions can provide a sense of catharsis.,억눌린 감정을 표현하는 것은 카타르시스(정화)감을 제공할 수 있다.
causality,n.,인과 관계,Hume famously questioned the logical necessity of causality.,흄은 인과 관계의 논리적 필연성에 의문을 제기한 것으로 유명하다.
celestial,adj.,"하늘의, 천체의",Planets and stars are examples of celestial bodies.,행성과 별은 천체의 예이다.
cell,n.,세포,The cell is the basic structural and functional unit of all living organisms.,"세포는 모든 살아있는 유기체의 기본적인 구조적, 기능적 단위이다."
censorship,n.,검열,The government imposed strict censorship on all online political discussions.,정부는 모든 온라인 정치 토론에 엄격한 검열을 가했다.
censorship,n.,검열,Strict media censorship prevents the public from accessing independent news.,엄격한 미디어 검열은 대중이 독립적인 뉴스에 접근하는 것을 막는다.
centrifugal,adj.,원심(성)의,Centrifugal force pulls objects away from the center of rotation.,원심력은 물체를 회전 중심에서 바깥쪽으로 끌어당긴다.
chaos,n.,혼돈,"Before the universe was formed, there was only primordial chaos.",우주가 형성되기 전에는 원시적인 혼돈만이 존재했다.
characterize,v.,특징지어 묘사하다,The era is characterized by rapid technological advancement.,그 시대는 빠른 기술 발전으로 특징지어진다.
charge,n.,"전하, 충전",Opposite electrical charges attract each other.,반대되는 전하들은 서로 끌어당긴다.
chassis,n.,"새시, (자동차의) 차대",The car's chassis is made of lightweight aluminum to improve fuel efficiency.,자동차의 섀시는 연비 향상을 위해 가벼운 알루미늄으로 만들어졌다.
chiropractic,n.,척추 지압,Many people seek chiropractic care for back pain relief.,많은 사람들이 요통 완화를 위해 척추 지압 치료를 받는다.
chlorophyll,n.,엽록소,Chlorophyll gives plants their green color and helps them absorb sunlight.,엽록소는 식물에 녹색을 띠게 하고 식물이 햇빛을 흡수하도록 돕는다.
choreography,n.,안무,The intricate choreography required months of rigorous practice.,복잡한 안무는 수개월의 엄격한 연습을 필요로 했다.
choreography,n.,안무,The ballet's choreography was complex and physically demanding.,그 발레의 안무는 복잡하고 육체적으로 힘들었다.
chromosome,n.,염색체,Humans typically have 23 pairs of chromosomes in each cell.,인간은 보통 각 세포에 23쌍의 염색체를 가지고 있다.
chronic,adj.,만성적인,Asthma is a chronic condition that requires long-term management.,천식은 장기적인 관리가 필요한 만성 질환이다.
chronic,adj.,만성적인,Chronic pain requires a long-term management plan.,만성 통증은 장기적인 관리 계획이 필요하다.
chronological,adj.,"연대순의, 발생 순서에 따른",The museum displays its artifacts in chronological order.,그 박물관은 유물들을 연대순으로 전시한다.
chronology,n.,"연대기, 연표",Historians debate the exact chronology of the ancient dynasty's rulers.,역사학자들은 고대 왕조 통치자들의 정확한 연대기에 대해 논쟁한다.
cinematography,n.,촬영술,The film was lauded for its innovative cinematography and use of light.,그 영화는 혁신적인 촬영술과 빛의 사용으로 찬사를 받았다.
circuit,n.,회로,"The battery, wires, and lightbulb form a simple electrical circuit.","배터리, 전선, 전구가 간단한 전기 회로를 구성한다."
circuit,n.,회로,A short circuit caused the building's fire alarm system to fail.,합선(단락 회로)으로 인해 건물의 화재경보기가 고장 났다.
circulate,v.,"유포하다, 순환하다",Rumors began to circulate on social media shortly after the announcement.,발표 직후 소셜 미디어에서 소문이 돌기 시작했다.
citation,n.,"인용, 인용구",The essay was penalized for improper citation of its sources.,그 에세이는 출처를 부적절하게 인용하여 감점을 받았다.
civic,adj.,"시민의, 도시의",Voting and paying taxes are considered fundamental civic duties.,투표와 세금 납부는 기본적인 시민의 의무로 간주된다.
civic,adj.,"시민의, 도시의",Voting in elections is considered a fundamental civic duty.,선거에서 투표하는 것은 기본적인 시민의 의무로 간주된다.
civil liberties,n.,시민의 자유,Mass surveillance programs are often criticized for infringing on civil liberties.,대규모 감시 프로그램은 종종 시민의 자유를 침해한다는 비판을 받는다.
civil service,n.,"공무원 (조직), 행정 관청",She passed the rigorous exam to enter the civil service.,그녀는 공무원이 되기 위해 엄격한 시험에 합격했다.
civilization,n.,문명,The study of ancient civilizations reveals the roots of modern society.,고대 문명에 대한 연구는 현대 사회의 뿌리를 드러낸다.
civilization,n.,문명,The Indus Valley was home to one of the world's oldest civilizations.,인더스 계곡은 세계에서 가장 오래된 문명 중 하나의 발상지였다.
class,n.,계급,"Social class is often determined by wealth, occupation, and education.","사회 계급은 종종 부, 직업, 교육 수준에 의해 결정된다."
clergy,n.,성직자들,"In medieval society, the clergy held immense political and spiritual power.","중세 사회에서 성직자들은 막대한 정치적, 영적 권력을 가졌다."
clergy,n.,성직자들,The clergy played a powerful role in medieval politics.,성직자들은 중세 정치에서 강력한 역할을 했다.
clickbait,n.,클릭 유도,Clickbait tactics reduce the overall quality of online journalism.,클릭 유도 전술은 온라인 저널리즘의 전반적인 질을 떨어뜨린다.
clickbait,n.,클릭베이트 (낚시성 제목),Avoid clicking on clickbait headlines that promise sensational results.,선정적인 결과를 약속하는 낚시성 제목(클릭베이트)을 클릭하지 마십시오.
climate,n.,기후,The region has a tropical climate with high humidity throughout the year.,그 지역은 일 년 내내 습도가 높은 열대 기후를 가지고 있다.
climate,n.,기후,Scientists are studying how climate change affects weather patterns.,과학자들은 기후 변화가 기상 패턴에 어떤 영향을 미치는지 연구하고 있다.
climate,n.,기후,"The Mediterranean climate is characterized by hot, dry summers and mild, wet winters.",지중해성 기후는 덥고 건조한 여름과 온화하고 습한 겨울이 특징이다.
climax,n.,"절정, 클라이맥스",The tension builds steadily until the story reaches its thrilling climax.,이야기가 스릴 넘치는 절정에 도달할 때까지 긴장감이 꾸준히 고조된다.
clinical,adj.,임상의,The drug is currently undergoing clinical trials in several countries.,그 약물은 현재 여러 국가에서 임상 시험을 거치고 있다.
clinical,adj.,임상적인,The report provides a detailed clinical description of the patient's condition.,그 보고서는 환자 상태에 대한 상세한 임상적 설명을 제공한다.
cloud,n.,클라우드,Storing documents in the cloud allows you to access them from any device.,문서를 클라우드에 저장하면 모든 장치에서 문서에 액세스할 수 있다.
coalition,n.,연합,A coalition of nations signed the agreement to limit carbon emissions.,국가들의 연합은 탄소 배출을 제한하기 위한 협정에 서명했다.
coalition,n.,"연합, 제휴",A coalition of non-profit organizations was formed to fight poverty.,빈곤 퇴치를 위해 비영리 단체들의 연합이 결성되었다.
coastal,adj.,해안의,The coastal areas are vulnerable to severe storms and rising sea levels.,해안 지역들은 심각한 폭풍과 해수면 상승에 취약하다.
code,n.,"코드, 암호",Learning to write code is becoming a crucial skill in the digital economy.,코드를 작성하는 법을 배우는 것은 디지털 경제에서 중요한 기술이 되고 있다.
code-switching,n.,코드 전환,Bilingual speakers often engage in code-switching during casual conversations.,이중 언어 화자들은 종종 일상 대화 중 코드 전환을 한다.
coefficient,n.,계수,"In the term 5x, the number 5 is the coefficient.",5x라는 항에서 숫자 5는 계수이다.
cognition,n.,인지,"Cognition refers to mental processes like memory, attention, and language.","인지는 기억, 주의력, 언어와 같은 정신적 과정을 의미한다."
cognition,n.,"인지, 인식",Early childhood plays a crucial role in the development of human cognition.,유아기는 인간의 인지 발달에 결정적인 역할을 한다.
cognition,n.,"인지, 인식",Sleep deprivation negatively affects human cognition and memory.,수면 부족은 인간의 인지와 기억력에 부정적인 영향을 미친다.
cognitive,adj.,인지적인,Cognitive behavioral therapy addresses distorted thought patterns.,인지 행동 치료는 왜곡된 사고 패턴을 다룬다.
cognitive,adj.,인지적인,Cognitive linguistics relates language structure to human cognition.,인지 언어학은 언어 구조를 인간 인지와 연관 짓는다.
cognitive,adj.,인지적인,Cognitive science studies how the mind processes information.,인지 과학은 마음이 정보를 처리하는 방식을 연구한다.
cognitive load,n.,인지 부하,High cognitive load can hinder deep learning and focus.,높은 인지 부하는 깊은 학습과 집중을 방해할 수 있다.
cognizant,adj.,"인식하고 있는, 알고 있는",He was fully cognizant of the risks involved in the philosophical debate.,그는 철학적 논쟁에 수반되는 위험을 완전히 인식하고 있었다.
collage,n.,콜라주 (미술 기법),She created a stunning collage using torn pieces of old newspapers.,그녀는 찢어진 낡은 신문 조각들을 사용하여 멋진 콜라주를 만들었다.
collateral,n.,담보(물),The bank requires you to put up your house as collateral for the business loan.,은행은 사업 자금 대출을 위해 당신의 집을 담보로 제공할 것을 요구한다.
collective,adj.,"집단의, 공동의",Protecting the environment is our collective responsibility.,환경을 보호하는 것은 우리의 공동 책임이다.
collocation,n.,연어 (관용적 결합),Collocation is the tendency of words to appear together frequently.,연어는 단어들이 자주 함께 나타나는 경향이다.
colonization,n.,식민지화,The colonization of the Americas led to significant cultural and economic shifts.,"아메리카 대륙의 식민지화는 중대한 문화적, 경제적 변화를 초래했다."
column,n.,기둥,The ancient Greek temple is supported by massive marble columns.,그 고대 그리스 신전은 거대한 대리석 기둥들에 의해 지탱된다.
combustion,n.,연소,The combustion of fossil fuels releases carbon dioxide into the atmosphere.,화석 연료의 연소는 이산화탄소를 대기로 방출한다.
combustion,n.,연소,The internal combustion engine powered the majority of vehicles in the 20th century.,내연 기관은 20세기에 대부분의 차량에 동력을 공급했다.
comedy,n.,"희극, 코미디",A comedy usually features a lighthearted tone and a happy ending.,희극은 보통 가벼운 분위기와 해피엔딩을 특징으로 한다.
comet,n.,혜성,Halley's Comet is visible from Earth every 75 to 76 years.,핼리 혜성은 75년에서 76년마다 지구에서 볼 수 있다.
commodity,n.,"상품, 원자재",Gold and oil are highly traded commodities on the global market.,금과 석유는 세계 시장에서 활발하게 거래되는 원자재이다.
comorbidity,n.,동반 질환,The patient suffers from diabetes and hypertension as comorbidities.,그 환자는 동반 질환으로 당뇨병과 고혈압을 앓고 있다.
compatible,adj.,호환되는,This new software is not compatible with older operating systems.,이 새 소프트웨어는 구형 운영 체제와 호환되지 않는다.
competence,n.,언어 능력,Linguistic competence refers to the underlying knowledge of language rules.,언어 능력은 언어 규칙에 대한 내재적 지식을 의미한다.
compile,v.,"컴파일하다, 엮다",The programmer must compile the source code into an executable program.,프로그래머는 소스 코드를 실행 가능한 프로그램으로 컴파일해야 한다.
compile,v.,"엮다, 편집하다",The researcher spent years compiling data for the dictionary.,연구원은 사전을 위한 데이터를 엮는 데 수년을 보냈다.
compliance,n.,"준수, 따름",The safety inspector is checking the building for compliance with fire codes.,안전 검사관은 건물이 화재 규정을 준수하는지 확인하고 있다.
composite,n.,"합성물, 복합 재료",Carbon fiber is a lightweight and incredibly strong composite material.,탄소 섬유는 가볍고 믿을 수 없을 정도로 강한 복합 재료이다.
composition,n.,구도,The painting's composition draws the viewer's eye to the center.,그 그림의 구도는 관람객의 시선을 중앙으로 이끈다.
composition,n.,"구도, 구성",The painting's asymmetrical composition creates a sense of dynamic movement.,그 그림의 비대칭적인 구도는 역동적인 움직임의 느낌을 만들어낸다.
compost,n.,퇴비,Composting kitchen waste turns it into a valuable fertilizer.,주방 폐기물을 퇴비로 만드는 것은 그것을 귀중한 비료로 바꾼다.
compound,n.,화합물,Table salt is a chemical compound consisting of sodium and chlorine.,식염은 나트륨과 염소로 구성된 화합물이다.
comprehend,v.,이해하다,The poem was so abstract that it was difficult to comprehend.,그 시는 너무 추상적이어서 이해하기 어려웠다.
comprehensive,adj.,"포괄적인, 종합적인",The committee published a comprehensive report on the state of education.,그 위원회는 교육 상태에 대한 종합적인 보고서를 발표했다.
compress,v.,압축하다,You should compress large files before sending them via email.,대용량 파일은 이메일로 보내기 전에 압축해야 한다.
compromise,v.,"위태롭게 하다, 손상시키다",Sharing your password can compromise the security of your entire account.,비밀번호를 공유하는 것은 계정 전체의 보안을 위태롭게 할 수 있다.
compulsory,adj.,"의무적인, 필수의",Education is compulsory for all children up to the age of 16.,16세까지의 모든 아동에게 교육은 의무적이다.
concave,adj.,오목한,Concave mirrors are often used in telescopes to gather light.,오목 거울은 빛을 모으기 위해 망원경에 종종 사용된다.
concentration,n.,"농도, 집중",The high concentration of salt makes the lake uninhabitable for fish.,높은 염분 농도는 그 호수를 물고기가 살 수 없게 만든다.
conclusion,n.,결론,He drew a logical conclusion based on the available evidence.,그는 이용 가능한 증거를 바탕으로 논리적인 결론을 도출했다.
condensation,n.,"응결, 물방울",Condensation on the cold glass left a puddle on the table.,차가운 유리잔 표면의 응결로 인해 테이블에 물웅덩이가 남았다.
conditioning,n.,조건화,Classical conditioning explains how we react to triggers.,고전적 조건화는 우리가 어떻게 자극에 반응하는지 설명한다.
conditioning,n.,조건화,Pavlov's dogs are a classic example of classical conditioning.,파블로프의 개는 고전적 조건화의 전형적인 예이다.
conditioning,n.,조건화,Classical conditioning explains how we learn through association.,고전적 조건화는 우리가 어떻게 연관성을 통해 학습하는지를 설명한다.
conditioning,n.,조건화,Operant conditioning uses consequences to shape behavior.,조작적 조건화는 행동을 형성하기 위해 결과를 사용한다.
conduction,n.,전도,Metals are generally good at heat conduction.,금속은 일반적으로 열전도에 뛰어나다.
conductor,n.,도체,Copper is an excellent conductor of electricity.,구리는 전기를 매우 잘 통하게 하는 도체이다.
confidential,adj.,기밀의,All medical records are treated as strictly confidential information.,모든 의료 기록은 엄격한 기밀 정보로 취급된다.
configuration,n.,"구성, 설정",You can change the display configuration in the control panel.,제어판에서 디스플레이 설정을 변경할 수 있다.
conformity,n.,동조,Social experiments show how people yield to group pressure.,사회 실험들은 사람들이 어떻게 집단 압력에 굴복하는지 보여준다.
conformity,n.,"순응, 동조",Peer pressure often leads individuals to display conformity to group norms.,또래 압력은 종종 개인들이 집단 규범에 순응하도록 이끈다.
conglomerate,n.,"대기업, 복합 기업","The multinational conglomerate has businesses in electronics, finance, and construction.","그 다국적 대기업은 전자, 금융 및 건설 분야에 사업체를 가지고 있다."
conquest,n.,정복,The general's conquest of the region expanded the empire's borders.,그 장군의 지역 정복은 제국의 국경을 확장시켰다.
consciousness,n.,의식,The nature of consciousness remains one of science's greatest mysteries.,의식의 본질은 여전히 과학의 가장 큰 미스터리 중 하나이다.
consensus,n.,"의견 일치, 합의",It was difficult to reach a consensus among the committee members.,위원회 구성원들 사이에서 합의에 도달하기는 어려웠다.
consensus,n.,"합의, 의견 일치",There is a broad scientific consensus that climate change is real and ongoing.,기후 변화가 실재하며 진행 중이라는 광범위한 과학적 합의가 있다.
conservation,n.,보존,Conservation efforts have helped save several endangered species from extinction.,보존 노력은 여러 멸종 위기 종을 멸종으로부터 구하는 데 도움을 주었다.
conservation,n.,보존,Water conservation is vital in regions experiencing frequent droughts.,잦은 가뭄을 겪는 지역에서는 물 보존이 필수적이다.
conservationist,n.,환경 보호론자,The conservationist advocated for protecting the wilderness area.,그 환경 보호론자는 야생 지역 보호를 옹호했다.
conservative,adj.,보수적인,The conservative party favors lower taxes and reduced government spending.,보수당은 낮은 세금과 정부 지출 축소를 선호한다.
conserve,v.,보존하다,The law of conservation of energy states that energy cannot be created or destroyed.,에너지 보존 법칙은 에너지가 생성되거나 소멸될 수 없다고 명시한다.
conserve,v.,"보존하다, 절약하다",Please turn off your computers at night to conserve electricity.,전기를 절약하기 위해 밤에는 컴퓨터를 꺼 주시기 바랍니다.
conserve,v.,보존하다,Many farmers are learning to conserve water by using drip irrigation.,많은 농부들이 점적 관수를 사용하여 물을 보존하는 법을 배우고 있다.
consonant,n.,자음,There are 21 consonant letters in the English alphabet.,영어 알파벳에는 21개의 자음 글자가 있다.
constellation,n.,별자리,Orion is one of the most recognizable constellations in the night sky.,오리온자리는 밤하늘에서 가장 알아보기 쉬운 별자리 중 하나이다.
constituent,n.,"유권자, 구성 성분",The senator held a town hall meeting to listen to the concerns of his constituents.,상원 의원은 유권자들의 우려를 듣기 위해 타운홀 미팅을 열었다.
constitution,n.,헌법,The freedom of speech is protected under the First Amendment of the constitution.,언론의 자유는 헌법 수정 제1조에 의해 보호받는다.
consultation,n.,진료 상담,I have a consultation with a specialist scheduled for tomorrow.,내일 전문가와의 진료 상담이 예정되어 있다.
consumption,n.,소비,Household consumption makes up a large portion of the GDP.,가계 소비는 GDP의 큰 부분을 차지한다.
contagious,adj.,전염성의,The flu is a highly contagious respiratory disease.,독감은 전염성이 매우 높은 호흡기 질환이다.
contaminant,n.,오염 물질,Industrial waste is a major source of dangerous water contaminants.,산업 폐기물은 위험한 수질 오염 물질의 주요 원천이다.
contaminate,v.,오염시키다,Chemical leaks can contaminate local water supplies for decades.,화학 물질 유출은 수십 년 동안 지역 상수도를 오염시킬 수 있다.
contamination,n.,오염,Soil contamination from factory runoff can last for many years.,공장 유출수로 인한 토양 오염은 수년 동안 지속될 수 있다.
contemporary,adj.,"현대의, 동시대의",Contemporary architecture often uses glass and steel materials.,현대 건축은 종종 유리와 강철 재료를 사용한다.
contemporary,adj.,"현대의, 동시대의",The museum features an extensive collection of contemporary art.,그 박물관은 방대한 현대 미술 컬렉션을 특징으로 한다.
contingent,adj.,"우연적인, ~에 달려있는","In philosophy, a contingent truth is one that happens to be true but could have been false.",철학에서 우연적 진리는 참이긴 하지만 거짓일 수도 있었던 진리이다.
contour,n.,"윤곽, 외곽선",The artist used charcoal to sketch the rough contours of the human body.,화가는 숯을 사용하여 인체의 대략적인 윤곽을 스케치했다.
contraindication,n.,금기 사항,Pregnancy is a contraindication for this particular medical treatment.,임신은 이 특정 의학적 치료에 대한 금기 사항이다.
control,n.,"통제(집단), 대조군","In the experiment, the control group was given a placebo instead of the real medicine.",실험에서 대조군은 진짜 약 대신 위약을 받았다.
convection,n.,대류,Convection currents in the atmosphere are responsible for wind patterns.,대기 중의 대류 흐름은 바람 패턴의 원인이 된다.
conventional,adj.,"관습적인, 전통적인",She decided to wear a non-traditional dress instead of a conventional wedding gown.,그녀는 전통적인 웨딩드레스 대신 관습에 얽매이지 않는 드레스를 입기로 결정했다.
convergence,n.,융합,Media convergence has merged traditional journalism with digital platforms.,미디어 융합은 전통적인 저널리즘과 디지털 플랫폼을 합쳤다.
convergence,n.,융합,"Technology convergence has brought television, internet, and phone services together.","기술 융합은 TV, 인터넷, 전화 서비스를 하나로 통합했다."
convergence,n.,융합,Technological convergence allows one device to perform many functions.,기술적 융합은 하나의 장치가 많은 기능을 수행하도록 한다.
convergence,n.,융합,The convergence of mobile phones and computers created the modern smartphone.,휴대전화와 컴퓨터의 융합이 현대의 스마트폰을 만들었다.
convex,adj.,볼록한,A convex lens is thicker in the middle and magnifies objects.,볼록 렌즈는 가운데가 더 두껍고 물체를 확대한다.
convict,v.,유죄를 선고하다 / n. 기결수,He was convicted of armed robbery and sent to maximum security prison.,그는 무장 강도죄로 유죄 선고를 받고 최고 보안 교도소로 보내졌다.
copyright,n.,저작권,You must obtain permission to use images protected by copyright.,저작권으로 보호되는 이미지를 사용하려면 허가를 받아야 한다.
core,n.,"핵, 중심부",The Earth's inner core is composed primarily of solid iron and nickel.,지구의 내핵은 주로 고체 상태의 철과 니켈로 구성되어 있다.
corporate,adj.,"기업의, 법인의",The scandal severely damaged the corporate image of the company.,그 스캔들은 그 회사의 기업 이미지를 심각하게 훼손했다.
corpus,n.,말뭉치,A corpus is a large collection of written or spoken texts used for analysis.,말뭉치는 분석을 위해 사용되는 방대한 문어 또는 구어 텍스트 모음이다.
correlation,n.,상관관계,The study found a strong positive correlation between exercise and mental health.,그 연구는 운동과 정신 건강 사이에 강한 양의 상관관계를 발견했다.
correspondent,n.,"특파원, 통신원",The foreign correspondent reported live from the conflict zone.,그 해외 특파원은 분쟁 지역에서 현장 보고를 했다.
corrosion,n.,부식,The metal pipes were treated with a special coating to prevent corrosion.,금속 파이프는 부식을 방지하기 위해 특수 코팅 처리되었다.
corrupt,adj.,손상된 / v. 손상시키다,A sudden power outage can corrupt the files stored on your computer.,갑작스러운 정전은 컴퓨터에 저장된 파일을 손상시킬 수 있다.
corruption,n.,"부패, 비리",Widespread political corruption undermines public trust in the government.,광범위한 정치적 부패는 정부에 대한 대중의 신뢰를 훼손한다.
cosmos,n.,우주 (질서 있는 우주),Carl Sagan's television series inspired millions to look up at the cosmos.,칼 세이건의 TV 시리즈는 수백만 명의 사람들이 우주를 올려다보게 영감을 주었다.
cosmos,n.,우주 (질서 있는 체계로서의),The ancient Greeks viewed the universe as a harmonious cosmos.,고대 그리스인들은 우주를 조화로운 코스모스로 보았다.
counseling,n.,상담,Professional counseling can help people manage stress more effectively.,전문적인 상담은 사람들이 스트레스를 더 효과적으로 관리하도록 도울 수 있다.
coup,n.,쿠데타,The democratically elected government was overthrown in a military coup.,민주적으로 선출된 정부는 군사 쿠데타로 전복되었다.
coverage,n.,보도 범위,The global coverage of the event was extensive.,그 사건에 대한 전 세계적인 보도는 광범위했다.
coverage,n.,"보도, 취재",The major news networks provided continuous coverage of the election results.,주요 뉴스 네트워크들은 선거 결과에 대한 지속적인 보도를 제공했다.
craft,n.,"공예, 기술",Pottery is a traditional craft that requires great skill.,도자기는 훌륭한 기술을 요하는 전통 공예이다.
craft,n.,공예,The village is famous for its traditional pottery craft.,그 마을은 전통 도자기 공예로 유명하다.
craftsmanship,n.,장인 정신,The intricate woodwork displays exceptional craftsmanship.,그 복잡한 목공예는 뛰어난 장인 정신을 보여준다.
cram,v.,"벼락치기 공부를 하다, 쑤셔 넣다",Many students stay up all night to cram for their final exams.,많은 학생들이 기말고사를 위해 벼락치기 공부를 하느라 밤을 새운다.
crater,n.,"분화구, 크레이터",The surface of the moon is covered in thousands of impact craters.,달의 표면은 수천 개의 충돌 크레이터로 덮여 있다.
creativity,n.,창의성,Divergent thinking is a key component of creative problem-solving.,확산적 사고는 창의적 문제 해결의 핵심 요소이다.
credibility,n.,신뢰성,Maintaining credibility is essential for any reputable news organization.,신뢰성을 유지하는 것은 명망 있는 뉴스 기관에게 필수적이다.
criterion,n.,기준,The main criterion for selecting participants was their age.,참가자를 선정하는 주요 기준은 그들의 나이였다.
critic,n.,"비평가, 평론가",The literary critic praised the novel for its innovative structure.,문학 평론가는 그 소설의 혁신적인 구조를 칭찬했다.
critique,n.,"비평, 평론",The professor wrote a detailed critique of the student's dissertation.,교수는 학생의 논문에 대한 상세한 비평을 썼다.
crusade,n.,"십자군 전쟁, 대대적인 운동",He led a moral crusade against corruption in the government.,그는 정부의 부패에 맞서 대대적인 도덕적 운동을 이끌었다.
crust,n.,지각,"The Earth's crust is the thin, solid outermost layer of the planet.",지구의 지각은 행성의 얇고 단단한 가장 바깥쪽 층이다.
cult,n.,"사이비 종교, 숭배",The documentary investigates the bizarre practices of a notorious cult.,그 다큐멘터리는 악명 높은 사이비 종교의 기이한 관행을 조사한다.
culture,n.,문화,"Culture encompasses the beliefs, arts, and customs of a particular group.","문화는 특정 집단의 신념, 예술, 그리고 관습을 포괄한다."
culture,n.,문화,Food and music are essential parts of any culture.,음식과 음악은 어떤 문화에서든 필수적인 부분이다.
curate,v.,조직하다,She was asked to curate an exhibition of local contemporary art.,그녀는 지역 현대 예술 전시회를 조직해 달라는 요청을 받았다.
curator,n.,"큐레이터, 전시 책임자",The curator carefully selected the pieces for the upcoming show.,큐레이터는 다가오는 전시회를 위해 작품들을 신중하게 선택했다.
curator,n.,큐레이터,The curator carefully selected works to reflect the artist's evolution.,큐레이터는 작가의 발전을 반영하기 위해 신중하게 작품들을 선택했다.
currency,n.,"통화, 화폐",The US dollar is the most widely used currency in international trade.,미국 달러는 국제 무역에서 가장 널리 사용되는 통화이다.
current,n.,전류,An electric current is a flow of electric charge through a conductor.,전류는 도체를 통과하는 전하의 흐름이다.
current,n.,"해류, 기류",The Gulf Stream is a warm ocean current that influences the climate of Western Europe.,걸프 스트림은 서유럽의 기후에 영향을 미치는 따뜻한 해류이다.
curriculum,n.,교육과정,The school decided to add coding to its core curriculum.,그 학교는 핵심 교육과정에 코딩을 추가하기로 결정했다.
custom,n.,"관습, 풍습",Bowing is a common custom when greeting people in many Asian countries.,많은 아시아 국가에서 사람들을 인사할 때 절을 하는 것은 흔한 관습이다.
customized,adj.,맞춤형의,The company provides customized software solutions for large enterprises.,그 회사는 대기업을 위한 맞춤형 소프트웨어 솔루션을 제공한다.
database,n.,데이터베이스,"The hospital stores patient records in a secure, centralized database.",병원은 환자 기록을 안전한 중앙 집중식 데이터베이스에 저장한다.
debug,v.,"디버그하다, 오류를 수정하다",It took the team several days to debug the new mobile application.,팀이 새 모바일 애플리케이션의 오류를 수정하는 데 며칠이 걸렸다.
decentralize,v.,"분권화하다, 분산시키다",The educational reform aims to decentralize decision-making to local schools.,교육 개혁은 의사 결정을 지역 학교로 분권화하는 것을 목표로 한다.
decimal,n.,"소수, 십진법",The number 3.14 is a decimal representing the approximate value of pi.,3.14라는 숫자는 파이의 대략적인 값을 나타내는 소수이다.
declarative,adj.,선언적인,Declarative memory involves facts and knowledge we can consciously recall.,선언적 기억은 우리가 의식적으로 회상할 수 있는 사실과 지식을 포함한다.
decryption,n.,복호화,The decryption process requires a specific digital key.,복호화 과정에는 특정 디지털 키가 필요하다.
deduce,v.,"연역하다, 추론하다","From the given facts, we can deduce that the suspect was at the scene.",주어진 사실들로부터 우리는 용의자가 현장에 있었다고 추론할 수 있다.
deduction,n.,연역(법),"In deduction, you start with a general rule and apply it to a specific case.",연역법에서는 일반적인 규칙에서 시작하여 특정 사례에 적용한다.
default,v.,채무 불이행하다,"If you default on your loan, the bank may seize your property.",대출을 채무 불이행하면 은행이 당신의 재산을 압류할 수 있다.
default,n.,기본값,"If you don't select a color, the system will use the default setting.",색상을 선택하지 않으면 시스템이 기본 설정을 사용한다.
defect,n.,결함,Every product undergoes strict quality control to catch any manufacturing defects.,모든 제품은 제조상의 결함을 잡기 위해 엄격한 품질 관리를 거친다.
defendant,n.,피고,The defendant pleaded not guilty to all the charges brought against him.,피고는 자신에게 제기된 모든 혐의에 대해 무죄를 주장했다.
deficit,n.,적자,The city council must find a way to balance the budget and reduce the deficit.,시의회는 예산의 균형을 맞추고 적자를 줄일 방법을 찾아야 한다.
deficit,n.,적자,The government aims to reduce the national budget deficit this year.,정부는 올해 국가 예산 적자를 줄이는 것을 목표로 한다.
deflation,n.,"디플레이션, 물가 하락",Deflation can lead to lower consumer spending as people wait for prices to drop further.,디플레이션은 사람들이 가격이 더 떨어지기를 기다림에 따라 소비 지출 감소로 이어질 수 있다.
deforestation,n.,삼림 벌채,Deforestation is a primary cause of habitat loss for many animals.,삼림 벌채는 많은 동물의 서식지 상실의 주된 원인이다.
degradation,n.,"저하, 분해",Soil degradation reduces the land's ability to support agriculture.,토양 저하는 농업을 뒷받침하는 토지의 능력을 감소시킨다.
degrade,v.,저하시키다,Pollution from chemicals can degrade the quality of the soil.,화학 물질로 인한 오염은 토양의 질을 저하시킬 수 있다.
deity,n.,"신, 신성",Ancient Greeks worshipped multiple deities.,고대 그리스인들은 여러 신들을 숭배했다.
delegate,n.,대표(단) / v. 위임하다,Each country sent a delegate to the international conference on human rights.,각국은 국제 인권 회의에 대표를 보냈다.
delegate,v.,"위임하다, 파견하다",A good manager knows how to delegate tasks effectively to their team.,좋은 관리자는 팀에게 업무를 효과적으로 위임하는 방법을 안다.
demand,n.,수요,There is a high demand for organic food in urban areas.,도시 지역에는 유기농 식품에 대한 높은 수요가 있다.
democracy,n.,민주주의,"In a true democracy, power rests in the hands of the citizens.",진정한 민주주의에서는 권력이 시민들의 손에 있다.
demographic,adj.,인구통계학의,The company targets a specific demographic of young professionals.,그 회사는 젊은 전문직 종사자라는 특정 인구통계학적 집단을 타겟으로 한다.
demographics,n.,인구 통계,The demographics of the city show a significant increase in the elderly population.,그 도시의 인구 통계는 노인 인구가 크게 증가했음을 보여준다.
demographics,n.,인구 통계,The demographics of the city have changed significantly over the past decade.,그 도시의 인구 통계는 지난 10년 동안 크게 변했다.
demography,n.,인구학,Demography is the statistical study of human populations.,인구학은 인간 인구에 대한 통계적 연구이다.
density,n.,밀도,Oil floats on top of water because it has a lower density.,기름은 물보다 밀도가 낮기 때문에 물 위에 뜬다.
deontology,n.,의무론,"Deontology focuses on the rightness or wrongness of actions themselves, rather than their consequences.",의무론은 행동의 결과보다는 행동 자체의 옳고 그름에 초점을 맞춘다.
depict,v.,묘사하다,The mural depicts a historical battle that took place near the city.,그 벽화는 도시 근처에서 벌어졌던 역사적인 전투를 묘사한다.
depict,v.,"묘사하다, 그리다",The painting depicts a serene landscape at sunset.,그 그림은 해 질 녘의 평온한 풍경을 묘사한다.
depletion,n.,고갈,The rapid depletion of non-renewable resources is a global concern.,재생 불가능한 자원의 급격한 고갈은 세계적인 우려 사항이다.
deploy,v.,"배포하다, 전개하다",The IT department will deploy the software update over the weekend.,IT 부서는 주말 동안 소프트웨어 업데이트를 배포할 것이다.
depreciation,n.,"감가상각, 가치 하락",A new car suffers massive depreciation as soon as you drive it off the lot.,새 차는 매장에서 차를 몰고 나가는 순간 엄청난 가치 하락을 겪는다.
depression,n.,불황,The Great Depression of the 1930s affected economies worldwide.,1930년대의 대공황은 전 세계 경제에 영향을 미쳤다.
depression,n.,우울증,Clinical depression is a serious condition that affects mood and daily function.,임상적 우울증은 기분과 일상 기능에 영향을 미치는 심각한 상태이다.
derivation,n.,파생,Derivation creates new words by adding affixes to root words.,파생은 어근에 접사를 더해 새로운 단어를 만든다.
derive,v.,"도출하다, 끌어내다",The formula can be derived directly from Newton's second law of motion.,그 공식은 뉴턴의 운동 제2법칙에서 직접 도출될 수 있다.
descendant,n.,"후손, 자손",He claims to be a direct descendant of a famous historical king.,그는 자신이 역사적으로 유명한 왕의 직계 후손이라고 주장한다.
descriptive,adj.,기술적인,Descriptive linguistics analyzes how language is 'actually' used.,기술 언어학은 언어가 '실제로' 어떻게 사용되는지를 분석한다.
desertification,n.,사막화,Overgrazing is one of the primary drivers of desertification in dry regions.,과도한 방목은 건조 지역 사막화의 주요 원인 중 하나이다.
design,v.,설계하다,The engineer designed a more efficient ventilation system.,엔지니어는 더 효율적인 환기 시스템을 설계했다.
destitute,adj.,"빈곤한, 극빈의",The charity provides food and shelter for destitute families.,그 자선 단체는 빈곤한 가족들에게 음식과 쉼터를 제공한다.
detain,v.,"구금하다, 억류하다",The police have the authority to detain suspects for up to 48 hours without charge.,경찰은 기소 없이 최대 48시간 동안 용의자를 구금할 권한이 있다.
determinism,n.,결정론,Determinism suggests that every event or state of affairs is the inevitable result of preceding events.,결정론은 모든 사건이나 상황이 이전 사건들의 필연적인 결과라고 시사한다.
deterrence,n.,"억제(력), 제지",Nuclear weapons are often justified as a means of military deterrence.,핵무기는 종종 군사적 억지 수단으로 정당화된다.
developmental,adj.,발달의,Developmental psychology tracks changes from infancy to old age.,발달 심리학은 유아기부터 노년기까지의 변화를 추적한다.
deviance,n.,일탈,Sociologists study deviance to understand why some individuals break social rules.,사회학자들은 왜 일부 개인이 사회적 규칙을 어기는지 이해하기 위해 일탈을 연구한다.
deviance,n.,일탈,The study examines factors that contribute to criminal deviance.,그 연구는 범죄적 일탈에 기여하는 요인들을 검토한다.
deviation,n.,편차,Standard deviation is a key metric used to understand the spread of data.,표준 편차는 데이터의 분포를 이해하는 데 사용되는 핵심 지표이다.
diagnose,v.,진단하다,The doctor used a blood test to diagnose the patient's illness.,의사는 환자의 질병을 진단하기 위해 혈액 검사를 사용했다.
diagnosis,n.,진단,Early diagnosis is critical for effective treatment of this condition.,조기 진단은 이 질환의 효과적인 치료에 매우 중요하다.
dialect,n.,방언,A dialect is a variety of a language peculiar to a specific region.,방언은 특정 지역에 고유한 언어의 변종이다.
dialect,n.,"방언, 사투리",The villagers speak a unique dialect that is hard for outsiders to understand.,마을 사람들은 외부인들이 이해하기 힘든 독특한 방언을 사용한다.
dialectic,n.,변증법,"Hegel's dialectic involves a thesis, an antithesis, and a synthesis.","헤겔의 변증법은 정립, 반정립, 그리고 종합을 포함한다."
dialectology,n.,방언학,Dialectology studies the regional variations of a language.,방언학은 언어의 지역적 변이를 연구한다.
dialogue,n.,대화,The snappy dialogue makes the play very entertaining.,재치 있는 대화가 연극을 매우 즐겁게 만든다.
dichotomy,n.,"이분법, 양분",The mind-body dichotomy has been a persistent issue in Western philosophy.,심신 이분법은 서양 철학에서 지속적인 문제였다.
dictator,n.,독재자,The dictator suppressed all forms of freedom of speech.,그 독재자는 모든 형태의 언론의 자유를 억압했다.
didactic,adj.,"교훈적인, 설교적인","Children's books often have a didactic purpose, teaching moral lessons.",아동 도서는 종종 도덕적 교훈을 가르치는 교훈적인 목적을 가진다.
diffraction,n.,회절,Diffraction occurs when waves bend around the edges of an obstacle.,회절은 파동이 장애물의 가장자리를 휘어 돌아갈 때 발생한다.
digital divide,n.,정보 격차,The government aims to bridge the digital divide between urban and rural areas.,정부는 도시와 농촌 간의 정보 격차를 줄이는 것을 목표로 한다.
digitalization,n.,디지털화,The digitalization of retail has transformed how people shop.,소매업의 디지털화는 사람들이 쇼핑하는 방식을 변화시켰다.
digitization,n.,디지털화,The digitization of archives has made historical documents easily accessible.,기록 보관소의 디지털화는 역사적 문서를 쉽게 접근할 수 있게 만들었다.
dimension,n.,"차원, 크기",We live in a universe with three spatial dimensions and one temporal dimension.,우리는 세 개의 공간적 차원과 한 개의 시간적 차원이 있는 우주에 산다.
diplomacy,n.,외교,The crisis was resolved through quiet diplomacy rather than military action.,그 위기는 군사적 행동보다는 조용한 외교를 통해 해결되었다.
diplomacy,n.,외교,The border dispute was successfully resolved through peaceful diplomacy.,국경 분쟁은 평화적인 외교를 통해 성공적으로 해결되었다.
diplomat,n.,외교관,The experienced diplomat was sent to negotiate a peaceful resolution.,평화적인 해결책을 협상하기 위해 경험 많은 외교관이 파견되었다.
disarmament,n.,"군수 축소, 무장 해제",The activist called for global nuclear disarmament to ensure world peace.,그 활동가는 세계 평화를 보장하기 위해 전 세계적인 핵 군축을 촉구했다.
discipline,n.,"규율, 학문 분야",Sociology is an academic discipline that studies human society.,사회학은 인간 사회를 연구하는 학문 분야이다.
discourse,n.,담화,Discourse analysis looks at language use beyond the sentence level.,담화 분석은 문장 단위를 넘어서는 언어 사용을 살펴본다.
discourse markers,n.,담화 표지어,Discourse markers like 'well' or 'anyway' organize speech.,'글쎄'나 '어쨌든'과 같은 담화 표지어는 대화를 정리한다.
discrepancy,n.,"불일치, 차이",There is a significant discrepancy between the two sets of experimental data.,두 실험 데이터 세트 사이에는 상당한 불일치가 있다.
discrimination,n.,차별,"Discrimination based on gender, race, or religion is strictly prohibited by law.","성별, 인종 또는 종교에 기반한 차별은 법으로 엄격히 금지된다."
disinformation,n.,허위 정보,The deliberate spread of disinformation can destabilize a society.,허위 정보의 의도적인 유포는 사회를 불안정하게 만들 수 있다.
dispersion,n.,분산,The dispersion of light creates the beautiful colors of a rainbow.,빛의 분산이 무지개의 아름다운 색깔들을 만들어낸다.
disposable,adj.,처분 가능한 (가처분의),An increase in taxes will reduce consumers' disposable income.,세금 인상은 소비자의 가처분 소득을 줄일 것이다.
disseminate,v.,"퍼뜨리다, 보급하다",The internet allows information to be disseminated globally in seconds.,인터넷은 정보가 몇 초 만에 전 세계로 퍼지도록 한다.
dissertation,n.,학위 논문,She spent three years researching and writing her doctoral dissertation.,그녀는 박사 학위 논문을 연구하고 쓰는 데 3년을 보냈다.
dissipate,v.,"소멸되다, 흩어지다",The excess heat must dissipate quickly to prevent the engine from overheating.,엔진 과열을 막기 위해 잉여 열이 빠르게 분산되어야 한다.
dissipate,v.,"소산되다, 흩어지다",Heat sinks are used in computers to dissipate heat safely.,방열판은 열을 안전하게 소산시키기 위해 컴퓨터에 사용된다.
dissonance,n.,"불협화음, 인지부조화",Cognitive dissonance occurs when actions contradict one's beliefs.,인지부조화는 행동이 자신의 신념과 모순될 때 발생한다.
distill,v.,증류하다,The plant distills seawater to provide fresh drinking water for the island.,그 공장은 섬에 깨끗한 식수를 제공하기 위해 바닷물을 증류한다.
distribution,n.,분포,"Heights in a population typically follow a normal distribution, forming a bell curve.",인구의 키는 일반적으로 정규 분포를 따르며 종 모양 곡선을 형성한다.
diversity,n.,다양성,The city prides itself on its cultural and ethnic diversity.,"그 도시는 문화적, 인종적 다양성을 자랑스럽게 여긴다."
dividend,n.,배당금,The corporation pays a quarterly dividend to all its shareholders.,그 기업은 모든 주주들에게 분기별로 배당금을 지급한다.
divine,adj.,"신성한, 신의",Many ancient rulers claimed a divine right to rule.,많은 고대 통치자들은 통치할 신성한 권리가 있다고 주장했다.
doctrine,n.,"교리, 신조",The church's doctrine has remained largely unchanged for centuries.,그 교회의 교리는 수 세기 동안 대체로 변하지 않았다.
dogmatism,n.,독단주의,"Dogmatism is the tendency to lay down principles as undeniably true, without consideration of evidence.",독단주의는 증거에 대한 고려 없이 원칙들을 부인할 수 없는 진리로 규정하려는 경향이다.
dome,n.,돔,The massive dome of the cathedral is visible from all over the city.,대성당의 거대한 돔은 도시 어디에서나 볼 수 있다.
dome,n.,"돔, 반구형 지붕",The cathedral's massive dome dominates the city skyline.,대성당의 거대한 돔이 도시의 스카이라인을 압도한다.
domestic,adj.,"국내의, 가정의",The president focused on domestic issues rather than foreign policy.,대통령은 외교 정책보다 국내 문제에 집중했다.
domestic,adj.,국내의,The president's speech focused primarily on domestic issues like healthcare and jobs.,대통령의 연설은 주로 의료 및 일자리와 같은 국내 문제에 초점을 맞추었다.
dopamine,n.,도파민,Dopamine is a neurotransmitter involved in reward and motivation.,도파민은 보상과 동기에 관여하는 신경전달물질이다.
dosage,n.,복용량,The doctor adjusted the dosage to minimize side effects.,의사는 부작용을 최소화하기 위해 복용량을 조정했다.
downsize,v.,"규모를 줄이다, 감원하다","Due to the recession, the firm had to downsize its workforce by 20%.",경기 침체로 인해 그 회사는 인력을 20% 줄여야 했다.
downturn,n.,"침체, 하락",The travel industry suffered a major downturn during the pandemic.,여행 산업은 팬데믹 기간 동안 큰 침체를 겪었다.
draft,n.,초안,The first draft of the essay needs a lot of revision.,에세이의 초안은 많은 수정이 필요하다.
drill,v.,구멍을 뚫다 / n. 드릴,The engineers had to drill through solid rock to build the tunnel.,엔지니어들은 터널을 뚫기 위해 단단한 암석을 파내야 했다.
drought,n.,가뭄,The prolonged drought severely damaged the country's agricultural output.,장기화된 가뭄은 국가의 농업 생산량에 심각한 피해를 주었다.
dual-coding,n.,이중 부호화,Dual-coding theory emphasizes using both verbal and visual information.,이중 부호화 이론은 언어 정보와 시각 정보를 모두 사용하는 것을 강조한다.
dualism,n.,이원론,Cartesian dualism argues that the mind and body are distinct and separable.,데카르트의 이원론은 정신과 육체가 구별되며 분리될 수 있다고 주장한다.
durability,n.,내구성,The new material was chosen for its high durability in extreme weather.,새로운 재료는 극한의 날씨에서의 높은 내구성 때문에 선택되었다.
dynamics,n.,"동역학, 역학 관계",Fluid dynamics studies the flow of liquids and gases.,유체 동역학은 액체와 기체의 흐름을 연구한다.
dynasty,n.,왕조,The Ming dynasty is known for its remarkable expansion of trade.,명나라는 놀라운 무역 확장으로 알려져 있다.
détente,n.,"데탕트, 긴장 완화",The historic meeting marked the beginning of a détente between the two rival nations.,그 역사적인 만남은 두 경쟁 국가 간의 긴장 완화(데탕트)의 시작을 알렸다.
e-commerce,n.,전자 상거래,The rapid growth of e-commerce has transformed the retail industry.,전자 상거래의 급속한 성장은 소매 산업을 변화시켰다.
earthquake,n.,지진,A massive earthquake devastated the coastal city.,거대한 지진이 그 해안 도시를 황폐화시켰다.
echo chamber,n.,에코 챔버 (반향실 효과),"Social media algorithms often create echo chambers, isolating users from opposing views.","소셜 미디어 알고리즘은 종종 에코 챔버를 만들어, 사용자를 반대 의견으로부터 고립시킨다."
eclectic,adj.,절충적인,"The collection is eclectic, featuring styles from various cultures and eras.",그 컬렉션은 다양한 문화와 시대의 양식을 포함하여 절충적이다.
eclipse,n.,"일식, 월식",A total solar eclipse occurs when the moon completely blocks the sun.,개기 일식은 달이 태양을 완전히 가릴 때 발생한다.
ecology,n.,생태학,Ecology is the study of how organisms interact with their environment.,생태학은 유기체가 환경과 어떻게 상호 작용하는지 연구하는 학문이다.
ecosystem,n.,생태계,The health of the forest ecosystem depends on diverse flora and fauna.,산림 생태계의 건강은 다양한 동식물군에 달려 있다.
ecosystem,n.,생태계,A coral reef is a complex and fragile marine ecosystem.,산호초는 복잡하고 깨지기 쉬운 해양 생태계이다.
ecosystem,n.,생태계,Wetlands are a vital ecosystem that supports a wide range of wildlife.,습지는 다양한 야생 동물을 부양하는 중요한 생태계이다.
ecosystem,n.,생태계,A diverse ecosystem is better equipped to adapt to environmental changes.,다양한 생태계는 환경 변화에 더 잘 적응할 수 있는 능력을 갖추고 있다.
ecosystem,n.,생태계,Pollution can disrupt the delicate balance of a local ecosystem.,오염은 지역 생태계의 섬세한 균형을 깨뜨릴 수 있다.
edifice,n.,건물,The grand edifice serves as the capital's library and museum.,그 웅장한 건물은 수도의 도서관이자 박물관 역할을 한다.
edifice,n.,크고 훌륭한 건물,The imposing edifice served as the headquarters for the bank.,그 웅장한 건물은 은행의 본부로 사용되었다.
edit,v.,편집하다,The magazine editor decided to edit out the controversial paragraph.,잡지 편집장은 논란이 되는 단락을 편집해 빼기로 결정했다.
edition,n.,판본,The revised edition includes a new chapter and updated statistics.,개정판에는 새로운 장과 업데이트된 통계가 포함되어 있다.
editorial,n.,사설 / adj. 편집의,The newspaper published a strong editorial criticizing the new tax law.,그 신문은 새로운 세법을 비판하는 강력한 사설을 게재했다.
editorial,n.,사설,The paper's editorial board decides on the publication's stance.,그 신문의 편집위원회는 출판물의 입장을 결정한다.
efficacy,n.,효능,Clinical trials confirmed the efficacy of the new vaccine in preventing infection.,임상 시험은 감염 예방에 대한 새 백신의 효능을 확인했다.
efficiency,n.,효율성,LED lights are favored for their high energy efficiency.,LED 조명은 높은 에너지 효율성으로 선호된다.
efficiency,n.,효율성,Improving the energy efficiency of buildings can greatly reduce emissions.,건물의 에너지 효율성을 높이는 것은 배출량을 크게 줄일 수 있다.
egalitarian,adj.,평등주의의,The new policy aims to create a more egalitarian workplace.,새로운 정책은 더 평등주의적인 직장을 만드는 것을 목표로 한다.
egoism,n.,이기주의,Ethical egoism claims that individuals should always act in their own best interest.,윤리적 이기주의는 개인이 항상 자신의 최선의 이익을 위해 행동해야 한다고 주장한다.
elastic,adj.,"탄성의, 신축성 있는",An elastic collision is one where there is no net loss in kinetic energy.,탄성 충돌은 운동 에너지의 순손실이 없는 충돌이다.
elasticity,n.,탄력성,Price elasticity measures how much demand changes when the price changes.,가격 탄력성은 가격이 변할 때 수요가 얼마나 변하는지를 측정한다.
election,n.,선거,The general election will determine the next prime minister.,총선은 다음 총리를 결정할 것이다.
electron,n.,전자,Electrons carry a negative electrical charge.,전자는 음의 전하를 띤다.
element,n.,원소,Carbon is an essential element for all known life on Earth.,탄소는 지구상에 알려진 모든 생명체에 필수적인 원소이다.
ellipsis,n.,생략,Ellipsis involves omitting words that are understood from context.,생략은 맥락상 이해되는 단어들을 빠뜨리는 것을 포함한다.
emancipation,n.,해방,The Emancipation Proclamation officially freed slaves in the rebellious states.,노예 해방 선언은 반란을 일으킨 주들의 노예들을 공식적으로 해방시켰다.
embargo,n.,"금수 조치, 통상 정지",The UN imposed a strict arms embargo on the war-torn nation.,유엔은 전쟁으로 피폐해진 그 국가에 엄격한 무기 금수 조치를 내렸다.
embargo,n.,"금수 조치, 통상 금지",The oil embargo caused fuel prices to skyrocket around the world.,석유 금수 조치는 전 세계적으로 연료 가격을 급등하게 만들었다.
embassy,n.,대사관,"If you lose your passport abroad, you should contact your embassy immediately.",해외에서 여권을 잃어버리면 즉시 대사관에 연락해야 한다.
embezzlement,n.,횡령,He was accused of embezzlement after funds went missing from the charity.,그는 자선 단체에서 자금이 사라진 후 횡령 혐의로 기소되었다.
embodied,adj.,구체화된,Embodied cognition suggests that the body shapes the mind.,구체화된 인지는 신체가 마음을 형성한다고 제안한다.
embryo,n.,배아,"During the early stages of pregnancy, the developing baby is called an embryo.",임신 초기 단계에 발달 중인 아기를 배아라고 부른다.
emergency,n.,응급,"In case of a medical emergency, dial the local emergency number.",의학적 응급 상황이 발생하면 지역 응급 번호로 전화하십시오.
emission,n.,"배출, 배기가스",Strict regulations have been introduced to cut vehicle emissions.,차량 배기가스를 줄이기 위해 엄격한 규제가 도입되었다.
emission,n.,배출,Reducing greenhouse gas emissions is vital to mitigating climate change.,온실가스 배출을 줄이는 것은 기후 변화를 완화하는 데 필수적이다.
emission,n.,배출(물),Governments are implementing strict policies to reduce carbon emissions.,정부들은 탄소 배출을 줄이기 위해 엄격한 정책들을 시행하고 있다.
emit,v.,"방출하다, 내뿜다",The sun emits enormous amounts of ultraviolet radiation.,태양은 엄청난 양의 자외선을 방출한다.
emotion,n.,감정,The limbic system is primarily responsible for processing emotions.,변연계는 일차적으로 감정을 처리하는 책임을 진다.
empathy,n.,공감,Empathy is essential for building deep social connections.,공감은 깊은 사회적 관계를 쌓는 데 필수적이다.
empathy,n.,공감,Empathy allows individuals to understand the feelings of others.,공감은 개인이 타인의 감정을 이해하도록 한다.
empathy,n.,공감,Developing empathy is crucial for maintaining healthy relationships.,공감 능력을 기르는 것은 건강한 관계를 유지하는 데 중요하다.
empire,n.,제국,The Roman Empire stretched across three continents at its peak.,로마 제국은 전성기에 세 대륙에 걸쳐 있었다.
empirical,adj.,"경험적인, 실증적인",The theory must be supported by empirical evidence gathered through experiments.,그 이론은 실험을 통해 수집된 실증적 증거로 뒷받침되어야 한다.
empirical,adj.,"실증적인, 경험적인",The theory must be backed by empirical evidence to be accepted by the scientific community.,그 이론이 과학계에서 받아들여지려면 실증적 증거로 뒷받침되어야 한다.
empiricism,n.,경험주의,"Empiricism emphasizes the role of experience and evidence, especially sensory experience.","경험주의는 경험과 증거, 특히 감각적 경험의 역할을 강조한다."
encompass,v.,"포함하다, 아우르다",The new curriculum will encompass a broader range of historical topics.,새로운 교육과정은 더 넓은 범위의 역사 주제를 아우를 것이다.
encryption,n.,암호화,End-to-end encryption ensures that only the sender and recipient can read the messages.,종단 간 암호화는 오직 발신자와 수신자만이 메시지를 읽을 수 있도록 보장한다.
endangered,adj.,멸종 위기의,The panda is still considered an endangered species despite conservation efforts.,판다는 보존 노력에도 불구하고 여전히 멸종 위기 종으로 간주된다.
endocrine,adj.,내분비의,The endocrine system produces hormones that are released into the bloodstream.,내분비계는 혈류로 방출되는 호르몬을 생성한다.
engineering,n.,"공학, 기술",Civil engineering focuses on the design and construction of public infrastructure.,토목 공학은 공공 기반 시설의 설계와 건설에 초점을 맞춘다.
enlightenment,n.,깨달음,The monk meditated for years to achieve spiritual enlightenment.,그 승려는 영적인 깨달음을 얻기 위해 수년간 명상했다.
enlightenment,n.,계몽주의 (시대),The Enlightenment thinkers emphasized reason and individualism over tradition.,계몽주의 사상가들은 전통보다 이성과 개인주의를 강조했다.
ensemble,n.,"앙상블, 합주단",The string ensemble played a series of Baroque pieces.,현악 앙상블이 일련의 바로크 시대 곡들을 연주했다.
ensemble,n.,앙상블,The string ensemble gave a stunning performance last night.,현악 앙상블은 어젯밤 멋진 공연을 선보였다.
enterprise,n.,"기업, 사업",The government provides loans to support small and medium-sized enterprises.,정부는 중소기업을 지원하기 위해 대출을 제공한다.
enthalpy,n.,"엔탈피, 열함량",The reaction causes a change in the system's total enthalpy.,그 반응은 계의 전체 엔탈피에 변화를 일으킨다.
entity,n.,"실재물, 본질","In this theory, the mind and the body are treated as a single entity.",이 이론에서 정신과 육체는 단일한 실재물로 취급된다.
entrepreneur,n.,"기업가, 창업가",A successful entrepreneur must be willing to take calculated risks.,성공적인 기업가는 계산된 위험을 기꺼이 감수해야 한다.
entropy,n.,"엔트로피, 무질서도","In a closed system, entropy always tends to increase over time.",닫힌 계에서 엔트로피는 시간이 지남에 따라 항상 증가하는 경향이 있다.
enzyme,n.,효소,Digestive enzymes are essential for breaking down complex food molecules.,소화 효소는 복잡한 음식 분자를 분해하는 데 필수적이다.
enzyme,n.,효소,Saliva contains an enzyme that begins the breakdown of carbohydrates.,침에는 탄수화물의 분해를 시작하는 효소가 포함되어 있다.
epic,n.,서사시,Homer's Odyssey is one of the most famous epics in Western literature.,호메로스의 오디세이아는 서양 문학에서 가장 유명한 서사시 중 하나이다.
epicureanism,n.,에피쿠로스주의,Epicureanism advocates living simply and pursuing modest pleasures to achieve a state of tranquility.,에피쿠로스주의는 평온의 상태에 도달하기 위해 소박하게 살고 겸손한 쾌락을 추구할 것을 옹호한다.
epidemic,n.,"유행병, 전염병",The city faced a cholera epidemic due to contaminated water.,그 도시는 오염된 물로 인해 콜레라 유행병에 직면했다.
epidemiology,n.,역학,Studying epidemiology helps governments plan for future pandemics.,역학을 공부하는 것은 정부가 미래의 팬데믹에 대비하도록 돕는다.
epidemiology,n.,역학,Epidemiology tracks the spread and control of diseases in populations.,역학은 인구 집단 내 질병의 확산과 통제를 추적한다.
epilogue,n.,"맺음말, 에필로그",The epilogue reveals what happened to the characters ten years later.,에필로그는 10년 후 등장인물들에게 일어난 일을 밝혀준다.
epistemology,n.,인식론,"Epistemology investigates the origin, nature, methods, and limits of human knowledge.","인식론은 인간 지식의 기원, 본질, 방법 및 한계를 조사한다."
epoch,n.,"(중요한 사건이 일어난) 시대, 신기원",The development of the steam engine marked a new epoch in industrial history.,증기 기관의 발달은 산업 역사에 새로운 신기원을 열었다.
equation,n.,방정식,The students struggled to solve the complex quadratic equation.,학생들은 그 복잡한 이차 방정식을 푸는 데 어려움을 겪었다.
equator,n.,적도,Tropical rainforests are mostly found near the equator.,열대 우림은 주로 적도 근처에서 발견된다.
equilibrium,n.,"평형, 균형",Market equilibrium is reached when supply exactly matches demand.,시장 균형은 공급이 수요와 정확히 일치할 때 도달된다.
equilibrium,n.,평형 (상태),The bridge is designed to remain in a state of structural equilibrium.,그 다리는 구조적 평형 상태를 유지하도록 설계되었다.
equity,n.,"자기 자본, 지분",He gave up 20% equity in his startup in exchange for venture capital funding.,그는 벤처 캐피털 자금을 받는 대가로 스타트업 지분 20%를 포기했다.
era,n.,"시대, 연대",The fall of the Berlin Wall marked the end of an era.,베를린 장벽의 붕괴는 한 시대의 종말을 상징했다.
erosion,n.,침식 (작용),Wind and water erosion shaped the stunning landscape of the canyon.,바람과 물의 침식 작용이 협곡의 놀라운 풍경을 만들어냈다.
erosion,n.,침식,Vegetation cover prevents soil erosion caused by wind and rain.,식생 피복은 바람과 비에 의한 토양 침식을 방지한다.
eruption,n.,"화산 폭발, 분출",The volcanic eruption sent a massive cloud of ash into the sky.,화산 폭발은 거대한 화산재 구름을 하늘로 뿜어냈다.
espionage,n.,"간첩 행위, 스파이 활동",He was arrested and charged with corporate espionage.,그는 기업 스파이 혐의로 체포되어 기소되었다.
essence,n.,"본질, 정수",The essence of his argument is that human nature is fundamentally good.,그의 주장의 본질은 인간의 본성이 근본적으로 선하다는 것이다.
estuary,n.,"강어귀, 하구",An estuary is a coastal area where freshwater from rivers mixes with saltwater from the sea.,하구는 강에서 온 담수와 바다에서 온 짠물이 섞이는 해안 지역이다.
ethics,n.,"윤리학, 윤리",Medical ethics is a highly debated field regarding patient rights.,의료 윤리는 환자의 권리와 관련하여 매우 논쟁이 되는 분야이다.
ethnocentrism,n.,자민족 중심주의,Ethnocentrism can lead to misunderstandings and prejudice between cultures.,자민족 중심주의는 문화 간의 오해와 편견을 초래할 수 있다.
ethnography,n.,민족지학,The researcher spent a year living with the tribe to write an ethnography.,연구원은 민족지학을 쓰기 위해 그 부족과 1년을 함께 살았다.
ethos,n.,"사회 정신, 기풍",Hard work and self-reliance are central to the American ethos.,근면과 자립은 미국인의 기풍에 중심이 된다.
etymology,n.,어원학,Etymology traces the history and evolution of words over time.,어원학은 시간에 따른 단어의 역사와 진화를 추적한다.
euphemism,n.,완곡어법,'Passed away' is a common euphemism for 'died'.,'돌아가셨다'는 '죽었다'의 흔한 완곡어법이다.
evaporation,n.,증발,The heat of the sun causes the evaporation of water from the ocean's surface.,태양열은 해수면에서 물의 증발을 일으킨다.
evoke,v.,(감정 등을) 불러일으키다,The melody is designed to evoke a sense of nostalgia.,그 멜로디는 향수감을 불러일으키도록 고안되었다.
evolution,n.,진화,Charles Darwin proposed the theory of evolution by natural selection.,찰스 다윈은 자연 선택에 의한 진화론을 제안했다.
excavate,v.,"파내다, 굴착하다",The construction crew will excavate the site before laying the foundation.,건설 작업반은 기초를 놓기 전에 현장을 굴착할 것이다.
excavation,n.,발굴,The ongoing excavation has revealed a complex underground city.,진행 중인 발굴 작업은 복잡한 지하 도시를 드러냈다.
excerpt,n.,"발췌, 인용 부분",Read the following excerpt from the novel and answer the questions.,소설에서 발췌한 다음 부분을 읽고 질문에 답하시오.
execute,v.,실행하다,Click this button to execute the script.,스크립트를 실행하려면 이 버튼을 클릭하십시오.
executive,n.,"임원, 경영진",The chief executive officer (CEO) is responsible for the company's overall direction.,최고 경영자(CEO)는 회사의 전반적인 방향을 책임진다.
executive,adj.,"행정의, 집행의",The president is the head of the executive branch of the government.,대통령은 정부 행정부의 수반이다.
executive function,n.,집행 기능,Executive function helps control impulses and manage planning.,집행 기능은 충동을 조절하고 계획을 관리하도록 돕는다.
exhibit,n.,전시품,The museum houses a special exhibit of ancient artifacts.,박물관은 고대 유물의 특별 전시품들을 소장하고 있다.
exhibition,n.,전시회,The museum is hosting an exhibition of modern photography.,그 박물관은 현대 사진 전시회를 개최하고 있다.
exhibition,n.,전시회,The museum's new exhibition attracts thousands of visitors weekly.,박물관의 새로운 전시회는 매주 수천 명의 방문객을 끌어들인다.
existence,n.,"존재, 실재",The philosopher questioned the very existence of a physical reality.,그 철학자는 물리적 실재의 존재 자체에 의문을 제기했다.
existentialism,n.,실존주의,"Existentialism emphasizes individual freedom, choice, and subjective experience.","실존주의는 개인의 자유, 선택, 그리고 주관적 경험을 강조한다."
exotic,adj.,이국적인,The market was filled with exotic fruits and spices.,그 시장은 이국적인 과일과 향신료로 가득했다.
expatriate,n.,해외 거주자 (국외 주재원),The city has a large community of American expatriates working in finance.,그 도시에는 금융업에 종사하는 미국 해외 거주자(주재원)들의 큰 커뮤니티가 있다.
expedition,n.,"탐험(대), 원정",The scientific expedition aimed to map the uncharted territories.,그 과학 탐험대는 미지의 영토를 지도화하는 것을 목표로 했다.
expenditure,n.,"지출, 비용",The government promised to increase expenditure on public healthcare.,정부는 공공 의료에 대한 지출을 늘리겠다고 약속했다.
expenditure,n.,"지출, 비용",The school board voted to cut capital expenditure for the upcoming year.,교육 위원회는 내년도 자본 지출을 삭감하기로 투표했다.
explicit,adj.,"명백한, 뚜렷한","The instructions were explicit, leaving no room for confusion.",지시 사항은 명백하여 혼란의 여지가 없었다.
exponential,adj.,기하급수적인,The invention of the internet led to an exponential increase in data sharing.,인터넷의 발명은 데이터 공유의 기하급수적인 증가를 이끌었다.
expressionist,adj.,표현주의의,Expressionist art uses distorted forms to convey strong emotions.,표현주의 예술은 강한 감정을 전달하기 위해 왜곡된 형태를 사용한다.
exquisite,adj.,"매우 아름다운, 정교한",The jewelry box was decorated with exquisite wood carvings.,그 보석 상자는 매우 아름다운 목각으로 장식되어 있었다.
exquisite,adj.,정교한,The box contained an exquisite collection of jewelry.,그 상자에는 정교한 보석 컬렉션이 들어 있었다.
exterior,n.,"외부, 외관","The exterior walls were painted in bright, welcoming colors.",외부 벽은 밝고 환영하는 듯한 색상으로 칠해졌다.
extinct,adj.,멸종된,Dinosaurs became extinct millions of years ago.,공룡은 수백만 년 전에 멸종되었다.
extinction,n.,멸종,Many experts warn that we are currently facing a sixth mass extinction.,많은 전문가들은 우리가 현재 제6차 대멸종에 직면해 있다고 경고한다.
extract,v.,추출하다,Scientists use chemicals to extract pure DNA from the plant cells.,과학자들은 식물 세포에서 순수한 DNA를 추출하기 위해 화학 물질을 사용한다.
extract,v.,추출하다,Chemical processes are used to extract precious metals from electronic waste.,전자 폐기물에서 귀금속을 추출하기 위해 화학 공정이 사용된다.
extracurricular,adj.,"정규 교과 밖의, 과외의",Extracurricular activities help students develop leadership and teamwork skills.,과외 활동은 학생들이 리더십과 팀워크 기술을 개발하는 데 도움을 준다.
extrovert,n.,외향적인 사람,Extroverts tend to gain energy from social interactions.,외향적인 사람들은 사회적 상호작용으로부터 에너지를 얻는 경향이 있다.
fabricate,v.,"제작하다, 조립하다",The metal workshop can fabricate custom parts based on your specifications.,금속 작업장은 귀하의 사양에 따라 맞춤형 부품을 제작할 수 있습니다.
facade,n.,건물의 정면,The classic facade of the bank building has been beautifully restored.,은행 건물의 고전적인 정면은 아름답게 복원되었다.
facade,n.,"정면, 외관",The building's facade is decorated with intricate stone carvings.,그 건물의 외관은 복잡한 석재 조각으로 장식되어 있다.
faculty,n.,"(대학의) 교수진, 학부",The science faculty recently hired several renowned researchers.,과학부는 최근 몇몇 저명한 연구원들을 고용했다.
fallacy,n.,오류,Attacking the person instead of the argument is a common logical fallacy.,주장 대신 사람을 공격하는 것은 흔한 논리적 오류이다.
fauna,n.,동물군,The researcher spent months studying the unique fauna of the Galapagos Islands.,연구원은 갈라파고스 제도의 독특한 동물군을 연구하는 데 수개월을 보냈다.
feasible,adj.,실현 가능한,The committee discussed whether the proposed project was economically feasible.,위원회는 제안된 프로젝트가 경제적으로 실현 가능한지 논의했다.
federalism,n.,연방주의,Federalism divides power between the national government and state governments.,연방주의는 국가 정부와 주 정부 사이에 권력을 분할한다.
felony,n.,중범죄,Kidnapping is considered a federal felony carrying a severe prison sentence.,납치는 가혹한 징역형을 수반하는 연방 중범죄로 간주된다.
fertilizer,n.,비료,Organic fertilizer is a better alternative for long-term soil health.,유기 비료는 장기적인 토양 건강을 위한 더 나은 대안이다.
feudalism,n.,봉건제도,"Under feudalism, peasants worked the land in exchange for protection from lords.",봉건제도 하에서 농민들은 영주로부터 보호를 받는 대가로 땅에서 일했다.
fiber-optic,adj.,광섬유의,A fiber-optic network delivers internet speeds significantly faster than traditional copper wires.,광섬유 네트워크는 기존 구리선보다 훨씬 빠른 인터넷 속도를 제공한다.
fiction,n.,"소설, 허구",Historical fiction blends real events with imaginary characters.,역사 소설은 실제 사건과 가상의 인물을 혼합한다.
figurative,adj.,비유적인,"He used the word 'explode' in a figurative sense, not a literal one.",그는 '폭발하다'라는 단어를 글자 그대로가 아닌 비유적인 의미로 사용했다.
firewall,n.,방화벽,The corporate firewall blocks unauthorized access to the internal network.,기업 방화벽은 내부 네트워크에 대한 무단 접근을 차단한다.
fiscal,adj.,"국가 재정의, 회계의",The government announced a new fiscal policy to stimulate the economy.,정부는 경제를 부양하기 위한 새로운 재정 정책을 발표했다.
fixation,n.,고착,Fixation occurs when an individual remains stuck at a developmental stage.,고착은 개인이 발달 단계에 멈춰 있을 때 발생한다.
flashback,n.,"회상 장면, 플래시백",The author uses flashbacks to reveal the protagonist's traumatic past.,작가는 주인공의 트라우마가 있는 과거를 드러내기 위해 회상 장면을 사용한다.
flora,n.,식물군,"The alpine flora is specially adapted to harsh, cold conditions.",고산 식물군은 가혹하고 추운 조건에 특별히 적응되어 있다.
fluctuate,v.,"변동하다, 오르내리다",The patient's heart rate continued to fluctuate throughout the night.,환자의 심박수는 밤새도록 계속 변동했다.
fluctuate,v.,"변동하다, 오르내리다",Currency exchange rates fluctuate daily based on market conditions.,환율은 시장 상황에 따라 매일 변동한다.
fluent,adj.,유창한,He spent two years in Tokyo and became fluent in Japanese.,그는 도쿄에서 2년을 보내고 일본어에 유창해졌다.
folklore,n.,"민속, 민간 전승",Local folklore often contains exaggerated accounts of historical events.,지역의 민간 전승에는 종종 역사적 사건에 대한 과장된 설명이 포함된다.
folklore,n.,"민속, 민간 전승",Storytelling is a key method of passing down folklore.,이야기하기는 민간 전승을 물려주는 핵심 방법이다.
force,n.,"힘, 물리력",Applying an external force is necessary to change the object's direction.,물체의 방향을 바꾸려면 외부의 힘을 가하는 것이 필요하다.
foreign policy,n.,외교 정책,The administration's foreign policy prioritizes strengthening alliances in Asia.,그 행정부의 외교 정책은 아시아에서의 동맹 강화를 우선시한다.
foreshadow,v.,"복선이 되다, 전조가 되다",The dark clouds at the beginning of the film foreshadow the tragedy to come.,영화 초반의 먹구름은 다가올 비극의 복선이 된다.
forgery,n.,위조품,A forensic examination proved the painting was a clever forgery.,법의학적 검사는 그 그림이 교묘한 위조품임을 증명했다.
forgery,n.,"위조품, 위조",The supposed masterpiece turned out to be a clever forgery.,걸작으로 추정되던 그것은 교묘한 위조품으로 밝혀졌다.
formulate,v.,"공식화하다, 만들어내다",He took a long time to formulate a comprehensive response to the critique.,그는 비판에 대한 포괄적인 답변을 공식화하는 데 오랜 시간이 걸렸다.
fossil,n.,화석,The limestone is rich in the fossil remains of ancient sea creatures.,그 석회암에는 고대 해양 생물의 화석 잔해가 풍부하다.
fossil,n.,화석,The discovery of a new hominid fossil changed the timeline of human evolution.,새로운 인과 화석의 발견은 인류 진화의 연대표를 바꾸었다.
fossil fuel,n.,화석 연료,"Coal, oil, and natural gas are all examples of fossil fuels.","석탄, 석유, 천연가스는 모두 화석 연료의 예이다."
foster,v.,"조성하다, 육성하다",Teachers should foster a classroom environment that encourages creativity.,교사들은 창의성을 장려하는 교실 환경을 조성해야 한다.
fraction,n.,"분수, 일부",A half is represented by the fraction 1/2.,절반은 1/2이라는 분수로 표시된다.
framework,n.,"프레임워크, 뼈대",The developers built the web application using a modern JavaScript framework.,개발자들은 최신 자바스크립트 프레임워크를 사용하여 웹 애플리케이션을 구축했다.
framing,n.,프레이밍 (틀 짓기),The framing of the issue in the news directly affected public perception.,뉴스에서의 이슈 프레이밍은 대중의 인식에 직접적인 영향을 주었다.
franchise,n.,"프랜차이즈, 가맹점",Opening a fast-food franchise requires a significant initial investment.,패스트푸드 가맹점을 여는 것은 상당한 초기 투자를 필요로 한다.
fraud,n.,사기,The executive was arrested for committing corporate tax fraud.,그 임원은 기업 탈세 사기를 저지른 혐의로 체포되었다.
free will,n.,자유 의지,The debate between determinism and free will has been ongoing for centuries.,결정론과 자유 의지 사이의 논쟁은 수세기 동안 계속되어 왔다.
frequency,n.,"주파수, 진동수",The pitch of a sound is determined by the frequency of its sound waves.,소리의 높낮이는 음파의 진동수에 의해 결정된다.
fresco,n.,프레스코화,The church walls are adorned with ancient frescoes depicting religious scenes.,교회 벽들은 종교적 장면을 묘사하는 고대 프레스코화로 장식되어 있다.
fresco,n.,프레스코화,Michelangelo's frescoes in the Sistine Chapel are world-renowned.,시스티나 성당에 있는 미켈란젤로의 프레스코화는 세계적으로 유명하다.
friction,n.,마찰(력),Engine oil is used to reduce friction between the moving metal parts.,엔진 오일은 움직이는 금속 부품들 사이의 마찰을 줄이기 위해 사용된다.
friction,n.,마찰(력),Ice skating works well because there is very little friction on the ice.,아이스스케이팅은 얼음 위에서 마찰력이 거의 없기 때문에 잘 미끄러진다.
galaxy,n.,은하,The Milky Way is the galaxy that contains our Solar System.,우리은하는 태양계를 포함하고 있는 은하이다.
gallery,n.,"화랑, 갤러리",The art gallery promotes emerging artists from the local community.,그 화랑은 지역 사회의 신진 예술가들을 홍보한다.
gallery,n.,"미술관, 화랑",The artist sold her first painting through a local art gallery.,그 화가는 지역 미술관을 통해 자신의 첫 그림을 팔았다.
gatekeeping,n.,게이트키핑 (뉴스 선택),Editors perform a gatekeeping role in deciding what news is published.,편집자들은 어떤 뉴스가 보도될지 결정하는 게이트키핑 역할을 수행한다.
gear,n.,"기어, 톱니바퀴",The bicycle has a 21-speed gear system for climbing steep hills.,그 자전거는 가파른 언덕을 오르기 위한 21단 기어 시스템을 갖추고 있다.
gene,n.,유전자,Eye color is determined by a specific gene inherited from your parents.,눈동자 색은 부모로부터 물려받은 특정 유전자에 의해 결정된다.
genealogy,n.,"계보(학), 족보",She spent years researching her family's genealogy in the national archives.,그녀는 국가 기록 보관소에서 가족의 족보를 연구하는 데 수년을 보냈다.
generative,adj.,생성적인,Generative grammar explains how people create infinite sentences.,생성 문법은 사람들이 어떻게 무한한 문장을 만드는지 설명한다.
generator,n.,발전기,A backup generator immediately started working when the power went out.,정전이 되자 백업 발전기가 즉시 작동하기 시작했다.
genetics,n.,유전학,Advances in genetics have allowed scientists to identify disease-causing mutations.,유전학의 발전은 과학자들이 질병을 일으키는 돌연변이를 식별할 수 있게 해주었다.
genocide,n.,집단 학살,The international court charged the dictator with committing genocide.,국제 재판소는 그 독재자를 집단 학살 혐의로 기소했다.
genre,n.,장르,Science fiction is a genre that has gained immense popularity in recent decades.,공상과학은 최근 몇 십 년 동안 엄청난 인기를 얻은 장르이다.
geology,n.,지질학,Geology helps us understand the history and structure of the Earth.,지질학은 우리가 지구의 역사와 구조를 이해하도록 돕는다.
geometry,n.,기하학,"Geometry is the branch of mathematics concerned with shapes, sizes, and the properties of space.","기하학은 모양, 크기, 그리고 공간의 속성을 다루는 수학의 한 분야이다."
geothermal,adj.,지열의,Iceland relies heavily on geothermal energy for heating and power.,아이슬란드는 난방과 전력을 위해 지열 에너지에 크게 의존한다.
geothermal,adj.,지열의,Geothermal energy provides a reliable source of power in volcanic regions.,지열 에너지는 화산 지역에서 신뢰할 수 있는 전력원을 제공한다.
geriatric,adj.,노인학의,Geriatric medicine focuses on the health problems of the elderly.,노인 의학은 노인들의 건강 문제에 초점을 맞춘다.
glacier,n.,빙하,The massive glacier is slowly retreating due to global warming.,그 거대한 빙하는 지구 온난화로 인해 서서히 후퇴하고 있다.
globalization,n.,세계화,Globalization has made it easier for companies to operate on an international scale.,세계화는 기업들이 국제적인 규모로 사업을 운영하는 것을 더 쉽게 만들었다.
glossary,n.,용어 사전,The textbook includes a glossary of technical terms at the back.,그 교과서 뒷부분에는 전문 용어 사전이 포함되어 있다.
glottal,adj.,성문의,A glottal stop is a sound produced by obstructing airflow in the glottis.,성문 파열음은 성문에서 공기의 흐름을 막아 만들어지는 소리이다.
gothic,adj.,고딕 양식의,The cathedral's gothic arches reach toward the heavens.,그 대성당의 고딕 양식 아치들은 하늘을 향해 뻗어 있다.
governance,n.,"통치, 관리 방식",Good corporate governance is essential for attracting foreign investors.,좋은 기업 지배 구조는 외국인 투자자들을 유치하는 데 필수적이다.
grammar,n.,문법,The teacher corrected the grammar mistakes in the essay.,교사는 에세이의 문법 오류들을 수정했다.
gravity,n.,중력,Gravity is the force that attracts two bodies toward each other.,중력은 두 물체를 서로 끌어당기는 힘이다.
green,adj.,친환경의,More companies are adopting green practices to reduce their ecological footprint.,더 많은 기업들이 생태 발자국을 줄이기 위해 친환경적인 관행을 채택하고 있다.
greenhouse,n.,온실,Methane is a potent greenhouse gas that traps heat in the atmosphere.,메탄은 대기 중의 열을 가두는 강력한 온실 가스이다.
greenhouse,n.,온실,Carbon dioxide is a primary greenhouse gas responsible for global warming.,이산화탄소는 지구 온난화의 원인이 되는 주요 온실 가스이다.
grid,n.,"전력망, 그리드",The storm caused a massive failure in the national power grid.,폭풍으로 인해 국가 전력망에 대규모 장애가 발생했다.
gross,adj.,"총체적인, 전체의",Gross income is your total earnings before any taxes or deductions are taken out.,총소득은 세금이나 공제액이 차감되기 전의 총수입이다.
groundwater,n.,지하수,Wells are drilled deep into the earth to access clean groundwater.,깨끗한 지하수에 접근하기 위해 우물을 땅속 깊이 판다.
habitat,n.,서식지,Deforestation is destroying the natural habitat of many endangered species.,삼림 벌채는 많은 멸종 위기 종의 자연 서식지를 파괴하고 있다.
habitat,n.,서식지,Restoring the natural habitat is essential for wildlife recovery.,자연 서식지를 복원하는 것은 야생 동물의 회복에 필수적이다.
habitat,n.,서식지,Conservationists are working to restore the natural habitat of the endangered leopard.,환경 보호론자들은 멸종 위기 표범의 자연 서식지를 복원하기 위해 노력하고 있다.
habituation,n.,습관화,Habituation occurs when an organism stops responding to a repeated stimulus.,습관화는 유기체가 반복되는 자극에 반응하기를 멈출 때 발생한다.
hacker,n.,해커,A group of hackers managed to infiltrate the government's secure network.,한 무리의 해커들이 정부의 보안 네트워크에 침투하는 데 성공했다.
hardware,n.,"하드웨어, 장비",The computer's hardware needs to be upgraded to run the new software smoothly.,새 소프트웨어를 원활하게 실행하려면 컴퓨터 하드웨어를 업그레이드해야 한다.
harmony,n.,"화음, 조화",The vocal harmony of the choir was perfectly balanced.,합창단의 보컬 화음은 완벽하게 균형이 잡혀 있었다.
harness,v.,"이용하다, 동력화하다",Engineers are finding new ways to harness the power of ocean tides.,엔지니어들은 바다 조수의 힘을 이용하는 새로운 방법을 찾고 있다.
hebbian,adj.,헤브의 (학습),"Hebbian theory suggests that 'cells that fire together, wire together'.",헤브 이론은 '함께 발화하는 세포들은 함께 연결된다'고 제안한다.
hedonism,n.,쾌락주의,Hedonism argues that pleasure is the most important intrinsic good.,쾌락주의는 쾌락이 가장 중요한 내재적 선이라고 주장한다.
hegemony,n.,"헤게모니, 주도권",Cultural hegemony occurs when the ruling class dominates the culture.,문화적 헤게모니는 지배 계급이 문화를 지배할 때 발생한다.
hegemony,n.,"패권, 주도권","For decades, the two superpowers battled for global hegemony.",수십 년 동안 두 초강대국은 글로벌 패권을 놓고 다투었다.
hemisphere,n.,반구,Australia is located in the Southern Hemisphere.,호주는 남반구에 위치해 있다.
heredity,n.,"유전, 유전적 특징",Gregor Mendel is known as the father of modern heredity studies.,그레고르 멘델은 현대 유전 연구의 아버지로 알려져 있다.
heresy,n.,이단,"In the Middle Ages, speaking against the church was considered heresy.",중세 시대에 교회에 반대하여 말하는 것은 이단으로 간주되었다.
heritage,n.,"(국가, 사회의) 유산, 전통",The historic site is protected as part of our national cultural heritage.,그 사적지는 국가 문화 유산의 일부로 보호받고 있다.
hermeneutics,n.,해석학,Hermeneutics was originally the study of interpreting religious texts but expanded to all forms of communication.,해석학은 원래 종교 문헌을 해석하는 학문이었으나 모든 형태의 의사소통으로 확장되었다.
heuristic,n.,휴리스틱,Heuristics are mental shortcuts that simplify decision-making.,휴리스틱은 의사결정을 단순화하는 정신적 지름길이다.
heuristic,n.,휴리스틱 (지름길 사고),We often use mental heuristics to make quick decisions.,우리는 빠르게 결정을 내리기 위해 정신적 휴리스틱을 종종 사용한다.
heuristic,adj.,"발견적인, 체험적인",A heuristic method allows people to discover or learn something for themselves.,체험적 방법은 사람들이 스스로 무언가를 발견하거나 배우게 해준다.
hierarchy,n.,"계급, 위계",The corporate hierarchy makes it difficult for lower-level employees to express their ideas.,기업의 위계 구조는 하위 직원들이 자신들의 아이디어를 표현하기 어렵게 만든다.
hierarchy,n.,"계급, 위계",The military has a very strict and clear chain of command and hierarchy.,군대는 매우 엄격하고 명확한 지휘 계통과 위계를 가지고 있다.
hierarchy,n.,"계급 (제도), 위계",The strict social hierarchy made it difficult for commoners to rise in status.,엄격한 사회 계급 제도는 평민들이 신분을 상승하기 어렵게 만들었다.
hippocampus,n.,해마,The hippocampus plays a crucial role in forming new memories.,해마는 새로운 기억을 형성하는 데 결정적인 역할을 한다.
historic,adj.,역사적으로 중요한,The signing of the declaration was a historic moment for the young nation.,그 선언서에 서명한 것은 그 신생 국가에게 역사적으로 중요한 순간이었다.
historical,adj.,역사적 (과거와 관련된),Historical records show that a massive earthquake hit the region in 1755.,역사적 기록들은 1755년에 이 지역에 대규모 지진이 발생했음을 보여준다.
holistic,adj.,"전체적인, 총체적인","The school adopts a holistic approach to education, focusing on both academic and emotional growth.","그 학교는 학문적, 정서적 성장에 모두 초점을 맞추는 총체적인 교육 방식을 채택한다."
holistic,adj.,전체론적인,"Holistic medicine considers the patient's physical, mental, and social health.","전체론적 의학은 환자의 신체적, 정신적, 사회적 건강을 모두 고려한다."
homicide,n.,살인,The detective was assigned to investigate the double homicide.,그 형사는 이중 살인 사건을 조사하도록 배정받았다.
hormone,n.,호르몬,"Hormones regulate various bodily functions, including growth and mood.",호르몬은 성장과 기분을 포함한 다양한 신체 기능을 조절한다.
hormone,n.,호르몬,Insulin is a hormone that regulates blood sugar levels.,인슐린은 혈당 수치를 조절하는 호르몬이다.
hue,n.,색조,The sunset painted the sky in various hues of pink and orange.,일몰은 하늘을 분홍색과 오렌지색의 다양한 색조로 물들였다.
hue,n.,"색조, 빛깔",The painting features vibrant hues of red and orange.,그 그림은 생생한 붉은색과 주황색의 색조를 특징으로 한다.
human rights,n.,인권,The UN condemned the regime for its repeated human rights violations.,유엔은 거듭된 인권 침해에 대해 그 정권을 규탄했다.
humanism,n.,인본주의,Humanism attaches prime importance to human rather than divine or supernatural matters.,인본주의는 신적이거나 초자연적인 문제보다 인간에게 가장 중요한 의미를 부여한다.
humanitarian,adj.,인도주의적인,The Red Cross sent a team to provide humanitarian aid to the earthquake victims.,적십자는 지진 피해자들에게 인도주의적 지원을 제공하기 위해 팀을 파견했다.
humidity,n.,습도,High humidity makes the summer heat feel much more oppressive.,높은 습도는 여름 더위를 훨씬 더 숨 막히게 느끼게 만든다.
hurricane,n.,"허리케인, 열대성 저기압",Residents evacuated the coastal areas before the hurricane made landfall.,주민들은 허리케인이 상륙하기 전에 해안 지역을 대피했다.
hybrid,adj.,하이브리드의,Hybrid cars reduce fuel consumption by using both gasoline and electricity.,하이브리드 자동차는 휘발유와 전기를 모두 사용하여 연료 소비를 줄인다.
hydraulic,adj.,"수압의, 유압식의",The excavator uses a powerful hydraulic system to lift heavy debris.,굴착기는 무거운 잔해를 들어 올리기 위해 강력한 유압 시스템을 사용한다.
hydroelectric,adj.,수력 발전의,The massive dam produces hydroelectric power for the entire region.,거대한 댐은 전체 지역을 위한 수력 발전을 생산한다.
hyperbole,n.,과장(법),To say she was 'dying of embarrassment' is an obvious hyperbole.,그녀가 '부끄러워서 죽을 지경'이라고 말하는 것은 명백한 과장이다.
hypnosis,n.,최면,The therapist used hypnosis to help him quit smoking.,치료사는 그가 금연하도록 돕기 위해 최면을 사용했다.
hypochondria,n.,건강 염려증,His hypochondria causes him to constantly worry about minor health issues.,그의 건강 염려증은 사소한 건강 문제에 대해서도 계속 걱정하게 만든다.
hypothesis,n.,가설,The scientist designed an experiment to test her new hypothesis.,과학자는 그녀의 새로운 가설을 검증하기 위해 실험을 설계했다.
iceberg,n.,빙산,The Titanic infamously sank after colliding with an iceberg in the North Atlantic.,타이타닉호는 북대서양에서 빙산과 충돌한 후 침몰한 것으로 악명이 높다.
idealism,n.,관념론,"Idealism asserts that reality, or reality as we can know it, is fundamentally mental.","관념론은 현실, 혹은 우리가 알 수 있는 현실이 근본적으로 정신적이라고 주장한다."
ideology,n.,"이념, 이데올로기",The two political parties hold fundamentally different economic ideologies.,그 두 정당은 근본적으로 다른 경제 이념을 가지고 있다.
ideology,n.,"이념, 이데올로기",The two parties have fundamentally different views on economic ideology.,그 두 정당은 경제 이념에 대해 근본적으로 다른 견해를 가지고 있다.
ideology,n.,이념,Political ideology shapes how people perceive the role of government.,정치 이념은 사람들이 정부의 역할을 어떻게 인식하는지를 형성한다.
idiom,n.,"관용구, 숙어",'Break a leg' is a common idiom meaning 'good luck'.,'Break a leg'은 '행운을 빌어'라는 의미의 흔한 관용구이다.
illiterate,adj.,문맹의,Programs have been launched to help adults who are illiterate.,문맹인 성인들을 돕기 위한 프로그램들이 시작되었다.
immanent,adj.,내재하는,Some philosophies believe that the divine is immanent in all of nature.,어떤 철학들은 신성이 모든 자연에 내재한다고 믿는다.
immune,adj.,"면역의, 면역성이 있는",Vaccines help strengthen the immune system against specific viruses.,백신은 특정 바이러스에 대한 면역 체계를 강화하는 데 도움을 준다.
immune,adj.,면역의,The immune system is complex and protects the body from external threats.,면역 체계는 복잡하며 외부 위협으로부터 신체를 보호한다.
immune,adj.,면역의,He has become immune to the virus after his recovery.,그는 회복 후 그 바이러스에 대해 면역이 생겼다.
imperative,n.,"명령, 의무",Kant's categorical imperative is a central concept in his moral philosophy.,칸트의 정언 명령은 그의 도덕 철학에서 중심적인 개념이다.
imperialism,n.,제국주의,The expansion of empire through imperialism has long-lasting historical effects.,제국주의를 통한 제국의 확장은 오래 지속되는 역사적 영향을 미친다.
imperialism,n.,제국주의,European imperialism greatly altered the political landscape of Africa and Asia.,유럽의 제국주의는 아프리카와 아시아의 정치적 지형을 크게 바꾸었다.
imperialism,n.,제국주의,19th-century imperialism led to the colonization of much of Africa and Asia.,19세기 제국주의는 아프리카와 아시아의 많은 부분을 식민지화하는 결과를 낳았다.
implement,v.,"실행하다, 시행하다",The city council plans to implement the new traffic regulations next month.,시의회는 다음 달에 새로운 교통 규제를 시행할 계획이다.
implement,v.,"실행하다, 도입하다",The factory plans to implement a new safety system next month.,공장은 다음 달에 새로운 안전 시스템을 도입할 계획이다.
implicit,adj.,"암시된, 내포된",There was an implicit threat in his tone of voice.,그의 목소리 톤에는 암시된 위협이 있었다.
implicit,adj.,암묵적인,Implicit memory affects behavior without conscious awareness.,암묵적 기억은 의식적 인지 없이 행동에 영향을 미친다.
impressionism,n.,인상주의,Impressionism focused on capturing the momentary effects of light and color.,인상주의는 빛과 색의 순간적인 효과를 포착하는 데 초점을 맞추었다.
improvisation,n.,즉흥 연주,The jazz band's improvisation brought the audience to their feet.,재즈 밴드의 즉흥 연주는 관객들을 기립하게 만들었다.
improvisation,n.,"즉흥 연주, 즉흥극",Jazz relies heavily on musical improvisation.,재즈는 음악적 즉흥 연주에 크게 의존한다.
impulse,n.,충동,Impulse control is essential for long-term goal achievement.,충동 조절은 장기적인 목표 달성에 필수적이다.
inauguration,n.,취임(식),Thousands gathered in the capital to witness the president's inauguration.,수천 명의 사람들이 대통령의 취임식을 보기 위해 수도에 모였다.
incentive,n.,"동기(부여), 장려금",Tax breaks offer a strong financial incentive for companies to hire more workers.,세금 혜택은 기업들이 더 많은 근로자를 고용하도록 하는 강력한 재정적 동기를 제공한다.
index,n.,색인,Use the index to quickly locate information on a specific topic.,특정 주제에 대한 정보를 빠르게 찾으려면 색인을 사용하시오.
indicator,n.,지표,The unemployment rate is a key economic indicator.,실업률은 핵심 경제 지표이다.
indigenous,adj.,"원주민의, 토착의",The museum highlights the culture and history of the indigenous peoples.,그 박물관은 원주민들의 문화와 역사를 강조한다.
indigenous,adj.,"원주민의, 토착의",The Amazon rainforest is home to many indigenous communities.,아마존 열대우림은 많은 원주민 공동체의 고향이다.
indigenous,adj.,"원주민의, 토착의",The government apologized for the historical mistreatment of indigenous communities.,정부는 원주민 공동체에 대한 역사적 부당 대우에 대해 사과했다.
indoctrinate,v.,"주입하다, 세뇌하다",The regime attempted to indoctrinate the youth with its political ideology.,그 정권은 청년들에게 자신들의 정치적 이데올로기를 주입하려 시도했다.
induce,v.,"귀납하다, 유도하다",Scientists induce general laws from specific observations in nature.,과학자들은 자연에서의 구체적인 관찰들로부터 일반적인 법칙을 귀납적으로 도출한다.
induction,n.,귀납(법),Induction involves drawing general conclusions from specific observations.,귀납법은 특정한 관찰로부터 일반적인 결론을 도출하는 것을 포함한다.
inertia,n.,관성,"According to the law of inertia, an object at rest stays at rest.","관성의 법칙에 따르면, 정지해 있는 물체는 계속 정지해 있으려 한다."
infection,n.,감염,The doctor prescribed antibiotics to treat the bacterial infection.,의사는 박테리아 감염을 치료하기 위해 항생제를 처방했다.
infer,v.,추론하다,"From the character's actions, we can infer that he is hiding something.",등장인물의 행동으로부터 우리는 그가 무언가를 숨기고 있음을 추론할 수 있다.
inference,n.,추론,Listeners make inferences based on the context of the conversation.,청자들은 대화의 맥락에 근거하여 추론을 한다.
infirmary,n.,의무실,Students can visit the school infirmary if they feel unwell during class.,학생들은 수업 중 몸이 좋지 않으면 학교 의무실을 방문할 수 있다.
inflammation,n.,염증,Chronic inflammation is linked to many long-term health problems.,만성 염증은 많은 장기적인 건강 문제와 관련이 있다.
inflation,n.,"인플레이션, 물가 상승",High inflation decreases the purchasing power of consumers.,높은 인플레이션은 소비자의 구매력을 감소시킨다.
inflection,n.,굴절,Inflection marks grammatical relationships like tense or number.,굴절은 시제나 수와 같은 문법적 관계를 표시한다.
influencer,n.,인플루언서,Brands now collaborate with influencers to market their products.,브랜드들은 이제 제품을 마케팅하기 위해 인플루언서와 협업한다.
infrastructure,n.,사회 기반 시설,The government announced a major investment to rebuild the country's aging infrastructure.,정부는 국가의 노후화된 사회 기반 시설을 재건하기 위한 대규모 투자를 발표했다.
infrastructure,n.,사회 기반 시설,The government invested billions in upgrading the country's aging infrastructure.,정부는 국가의 노후화된 기반 시설을 개선하는 데 수십억 달러를 투자했다.
infrastructure,n.,사회 기반 시설,The mayor promised to rebuild the city's crumbling infrastructure.,시장은 도시의 무너져가는 기반 시설을 재건하겠다고 약속했다.
initiative,n.,계획,The city launched a new initiative to increase urban green spaces.,그 도시는 도시 녹지 공간을 늘리기 위한 새로운 계획을 시작했다.
injunction,n.,(법원의) 금지 명령,The company sought a court injunction to stop the workers from striking.,회사는 노동자들의 파업을 막기 위해 법원 금지 명령을 모색했다.
innateness,n.,"생득성, 선천성",Chomsky argued for the innateness of a universal grammar.,촘스키는 보편 문법의 생득성을 주장했다.
innovation,n.,혁신,Technological innovation has rapidly changed the way we communicate.,기술적 혁신은 우리가 의사소통하는 방식을 빠르게 변화시켰다.
inorganic,adj.,무기물의,Minerals and metals are classified as inorganic substances.,광물과 금속은 무기물로 분류된다.
inpatient,n.,입원 환자,Inpatient care is necessary for patients requiring 24-hour medical monitoring.,24시간 의료 모니터링이 필요한 환자에게는 입원 치료가 필요하다.
inquisitive,adj.,"탐구심이 많은, 호기심이 많은",An inquisitive mind is essential for scientific research.,탐구심이 많은 마음은 과학 연구에 필수적이다.
inspire,v.,영감을 주다,Nature has always inspired poets and painters.,자연은 항상 시인들과 화가들에게 영감을 주었다.
instinct,n.,본능,Survival instinct often overrides logical thinking in dangerous situations.,생존 본능은 위험한 상황에서 종종 논리적 사고를 압도한다.
instinct,n.,본능,Animals rely heavily on survival instincts in the wild.,동물들은 야생에서 생존 본능에 크게 의존한다.
institution,n.,"제도, 기관","Family, education, and religion are essential social institutions.","가족, 교육, 종교는 필수적인 사회 제도이다."
insulate,v.,"절연하다, 단열하다",Materials like rubber and glass are used to insulate electrical wires.,고무와 유리 같은 재료는 전선을 절연하는 데 사용된다.
insulation,n.,"단열, 절연",Proper insulation in the walls keeps the house warm in winter.,벽의 적절한 단열재는 겨울에 집을 따뜻하게 유지해 준다.
insulator,n.,"절연체, 부도체",Plastic serves as an effective insulator for electrical cables.,플라스틱은 전기 케이블을 위한 효과적인 절연체 역할을 한다.
insurgency,n.,"반란, 폭동",The military launched an operation to suppress the growing insurgency.,군대는 커지는 반란을 진압하기 위해 작전을 시작했다.
integer,n.,정수,"An integer is a whole number that can be positive, negative, or zero.","정수는 양수, 음수 또는 0이 될 수 있는 완전한 수(자연수, 음의 정수, 0)이다."
integrate,v.,통합하다,The new software is designed to integrate seamlessly with existing systems.,새 소프트웨어는 기존 시스템과 매끄럽게 통합되도록 설계되었다.
integrate,v.,통합하다,The program aims to integrate newly arrived refugees into the local community.,이 프로그램은 새로 도착한 난민들을 지역 사회에 통합하는 것을 목표로 한다.
intelligence,n.,지능,Intelligence is often measured by abstract reasoning abilities.,지능은 종종 추상적 추론 능력에 의해 측정된다.
intelligence,n.,"정보 (기관), 지능",The intelligence agency intercepted a message about a potential terrorist attack.,정보기관은 잠재적인 테러 공격에 대한 메시지를 가로챘다.
interactive,adj.,상호작용하는,The museum features interactive exhibits that engage visitors of all ages.,그 박물관은 모든 연령대의 방문객을 참여시키는 대화형(상호작용) 전시를 특징으로 한다.
interactive,adj.,상호작용적인,Interactive media allow users to actively participate in content creation.,상호작용적 미디어는 사용자들이 콘텐츠 제작에 능동적으로 참여하도록 한다.
interactivity,n.,상호작용성,High interactivity is a key feature of modern educational software.,높은 상호작용성은 현대 교육 소프트웨어의 핵심 기능이다.
interface,n.,"인터페이스, 접점",The app features a user-friendly interface that is easy to navigate.,그 앱은 탐색하기 쉬운 사용자 친화적인 인터페이스를 특징으로 한다.
interior,n.,내부,The interior of the house was entirely redesigned.,집의 내부가 완전히 재설계되었다.
interpretation,n.,해석,The abstract poem is open to multiple interpretations.,그 추상적인 시는 다양한 해석의 여지가 있다.
intersect,v.,"교차하다, 만나다",The two lines intersect at exactly one point.,그 두 선은 정확히 한 점에서 교차한다.
intervention,n.,"개입, 간섭",The government strongly opposes any foreign military intervention in its domestic affairs.,정부는 자국 내정에 대한 어떠한 외국의 군사 개입도 강력히 반대한다.
introvert,n.,내향적인 사람,"As an introvert, he prefers reading a book to attending large parties.","내향적인 사람으로서, 그는 큰 파티에 참석하는 것보다 책 읽는 것을 선호한다."
intuition,n.,직관,"Sometimes, moral decisions rely more on intuition than on careful reasoning.",때때로 도덕적 결정은 신중한 추론보다 직관에 더 의존한다.
intuitive,adj.,직관적인,Apple products are known for their highly intuitive user interfaces.,애플 제품들은 매우 직관적인 사용자 인터페이스로 유명하다.
invasion,n.,"침공, 침입",The country prepared its defenses against a potential foreign invasion.,그 국가는 잠재적인 외세의 침공에 대비하여 방어 태세를 갖추었다.
invasive,adj.,침입의,Invasive species often outcompete local wildlife for food and territory.,침입 외래종은 종종 먹이와 영토를 두고 지역 야생 동물과 경쟁하여 그들을 몰아낸다.
inventory,n.,재고(품),The store takes a complete inventory of its goods at the end of each month.,그 상점은 매월 말에 상품의 전체 재고 조사를 한다.
inventory,n.,"재고, 재고 목록",The store uses software to track its inventory in real time.,그 상점은 실시간으로 재고를 추적하기 위해 소프트웨어를 사용한다.
invertebrate,n.,무척추동물,Insects and spiders make up the vast majority of invertebrates.,곤충과 거미는 무척추동물의 대다수를 차지한다.
irony,n.,"아이러니, 반어법",The tragic irony of the play is that the hero dies just before help arrives.,그 연극의 비극적 아이러니는 주인공이 구조대가 도착하기 직전에 죽는다는 것이다.
isotope,n.,동위 원소,Carbon-14 is an isotope used to determine the age of ancient organic materials.,탄소-14는 고대 유기물의 연대를 측정하는 데 사용되는 동위 원소이다.
jargon,n.,전문 용어,Jargon helps professionals communicate efficiently within their field.,전문 용어는 전문가들이 자신의 분야 내에서 효율적으로 소통하도록 돕는다.
jargon,n.,"전문 용어, 특수 용어",The medical report was full of jargon that patients couldn't understand.,그 의학 보고서는 환자들이 이해할 수 없는 전문 용어로 가득했다.
journalism,n.,"언론, 저널리즘",Investigative journalism plays a crucial role in exposing government corruption.,탐사 저널리즘은 정부 부패를 폭로하는 데 중요한 역할을 한다.
journalistic,adj.,언론의,She adheres to strict journalistic standards of accuracy.,그녀는 정확성에 대한 엄격한 언론적 기준을 준수한다.
judicial,adj.,"사법의, 재판의",The judicial system ensures that laws are interpreted and applied fairly.,사법 제도는 법이 공정하게 해석되고 적용되도록 보장한다.
jurisdiction,n.,"관할권, 사법권",The local police do not have jurisdiction over federal crimes.,지역 경찰은 연방 범죄에 대한 관할권이 없다.
jurisdiction,n.,관할권,This matter falls outside the jurisdiction of the local planning department.,이 문제는 지역 기획부의 관할권 밖에 있다.
jury,n.,배심원단,The jury deliberated for three days before reaching a verdict.,배심원단은 평결에 도달하기 전 3일 동안 심사숙고했다.
justice,n.,정의,Plato's Republic is essentially a long dialogue about the nature of justice.,플라톤의 국가론은 본질적으로 정의의 본질에 대한 긴 대화이다.
kinematics,n.,운동학,Kinematics focuses on describing motion without considering the forces that cause it.,운동학은 운동을 일으키는 힘을 고려하지 않고 운동을 설명하는 데 초점을 맞춘다.
kinetic,adj.,"운동의, 운동에 의해 생기는",The braking system converts the car's kinetic energy into heat.,제동 장치는 자동차의 운동 에너지를 열로 변환한다.
kinetic,adj.,"운동의, 운동에 의해 생기는",Kinetic energy is the energy an object possesses due to its motion.,운동 에너지는 물체가 운동으로 인해 가지는 에너지이다.
kinetic,adj.,운동의,"When the ball falls, its potential energy is converted into kinetic energy.",공이 떨어질 때 그 위치 에너지는 운동 에너지로 변환된다.
kinship,n.,친족 (관계),Many traditional societies are organized around complex kinship networks.,많은 전통 사회는 복잡한 친족 네트워크를 중심으로 조직된다.
landscape,n.,"풍경화, 풍경",He is famous for his beautiful watercolor landscapes.,그는 아름다운 수채화 풍경화로 유명하다.
landscape,v.,조경하다,They landscaped the yard with native plants and stone paths.,그들은 토착 식물과 돌길로 마당을 조경했다.
laser,n.,레이저,Laser technology is widely used in eye surgery.,레이저 기술은 안과 수술에서 널리 사용된다.
latency,n.,"대기 시간, 지연",Low latency is essential for applications like online gaming and video conferencing.,낮은 대기 시간은 온라인 게임 및 화상 회의와 같은 응용 프로그램에 필수적이다.
latent,adj.,"잠재하는, 숨어 있는","Latent heat is absorbed or released during a phase change, like melting.",잠열은 녹는 것과 같은 상태 변화 중에 흡수되거나 방출된다.
lateralization,n.,측면화,Brain lateralization refers to the specialization of the two hemispheres.,뇌 측면화는 두 반구의 특수화를 의미한다.
latitude,n.,위도,Countries located at a high latitude experience long winters.,고위도에 위치한 국가들은 긴 겨울을 겪는다.
lava,n.,용암,"Once magma erupts onto the surface, it is called lava.",마그마가 지표면으로 분출되면 그것을 용암이라고 부른다.
learning,n.,학습,Neural pathways are strengthened through repeated learning.,신경 경로는 반복된 학습을 통해 강화된다.
legacy,n.,"유산, 업적",The ancient Greeks left a rich legacy of philosophy and literature.,고대 그리스인들은 철학과 문학이라는 풍부한 유산을 남겼다.
legislation,n.,"입법, 법률",The new labor legislation guarantees higher minimum wages for workers.,새로운 노동법은 노동자들에게 더 높은 최저 임금을 보장한다.
legislation,n.,입법,New legislation aims to ban the use of single-use plastics by next year.,새로운 법률은 내년까지 일회용 플라스틱 사용을 금지하는 것을 목표로 한다.
legislation,n.,"법률 제정, 입법",New legislation was introduced to combat cybercrime and protect data privacy.,사이버 범죄에 맞서고 데이터 프라이버시를 보호하기 위한 새로운 법률이 도입되었다.
legislative,adj.,"입법의, 입법부의",The legislative branch is responsible for drafting and passing new laws.,입법부는 새로운 법안을 기초하고 통과시키는 책임을 진다.
lever,n.,"지레, 레버",A lever allows you to move a heavy object with less effort.,지레는 적은 힘으로 무거운 물체를 옮길 수 있게 해준다.
leverage,n.,레버리지 (차입 자본 이용),Using excessive leverage in trading can magnify both profits and losses.,거래에서 과도한 레버리지를 사용하는 것은 이익과 손실 모두를 확대할 수 있다.
lexicon,n.,어휘 목록,The speaker's mental lexicon contains all the words they know.,화자의 정신적 어휘 목록은 그들이 아는 모든 단어를 포함한다.
liability,n.,"부채, 빚, 법적 책임","The company's liabilities exceed its assets, putting it at risk of bankruptcy.",그 회사의 부채가 자산을 초과하여 파산 위험에 처해 있다.
liberal,adj.,"진보적인, 자유주의의",Liberal politicians often advocate for stronger social welfare programs.,진보적인 정치인들은 종종 더 강력한 사회 복지 프로그램을 옹호한다.
light-year,n.,광년,A light-year is the distance that light travels in one Earth year.,1광년은 빛이 지구 시간으로 1년 동안 이동하는 거리이다.
limbic,adj.,변연계의,The limbic system includes structures important for survival.,변연계는 생존에 중요한 구조들을 포함한다.
lineage,n.,"혈통, 가계",The royal family traces its lineage back over five hundred years.,왕실은 자신들의 혈통을 500년 이상 거슬러 올라간다.
linear,adj.,"선형의, 직선형의",The graph shows a linear relationship between study time and exam scores.,그래프는 공부 시간과 시험 점수 사이의 선형 관계를 보여준다.
linguistics,n.,언어학,Linguistics is the scientific study of language and its structure.,언어학은 언어와 그 구조에 대한 과학적 연구이다.
linguistics,n.,언어학,Comparative linguistics studies the relationship between different language families.,비교 언어학은 서로 다른 언어군 사이의 관계를 연구한다.
liquidate,v.,"청산하다, (자산을) 매각하다",The failing retail chain was forced to liquidate all its assets.,파산해 가는 그 소매 체인점은 모든 자산을 매각해야만 했다.
literacy,n.,"글을 읽고 쓰는 능력, 문해력",Adult literacy programs have significantly reduced the illiteracy rate in the region.,성인 문해력 프로그램이 그 지역의 문맹률을 크게 낮추었다.
literal,adj.,글자 그대로의,The literal meaning of the word is quite different from how it is used today.,그 단어의 글자 그대로의 의미는 오늘날 사용되는 방식과 꽤 다르다.
literate,adj.,글을 읽고 쓸 줄 아는,A fully literate population is essential for a functioning democracy.,제대로 기능하는 민주주의를 위해서는 글을 읽고 쓸 줄 아는 인구가 필수적이다.
litigation,n.,소송,The dispute was finally settled out of court after years of costly litigation.,그 분쟁은 수년간의 값비싼 소송 끝에 마침내 법정 밖에서 합의되었다.
lobby,v.,"로비하다, 압력을 가하다",Environmental groups lobby lawmakers to pass stricter pollution controls.,환경 단체들은 더 엄격한 오염 통제법을 통과시키도록 의원들에게 로비한다.
logic,n.,"논리학, 논리",Studying logic helps to improve one's critical thinking skills.,논리학을 공부하는 것은 비판적 사고 능력을 향상시키는 데 도움이 된다.
logistics,n.,"물류, 병참",Disaster relief relies heavily on efficient supply chain logistics.,재난 구호는 효율적인 공급망 물류에 크게 의존한다.
logistics,n.,"물류, 병참",Managing the logistics of a global delivery network is highly complex.,글로벌 배송 네트워크의 물류를 관리하는 것은 매우 복잡하다.
logistics,n.,"물류, 병참",Amazon has revolutionized global logistics and delivery systems.,아마존은 글로벌 물류 및 배송 시스템에 혁명을 일으켰다.
longitude,n.,경도,The Prime Meridian is the line of zero longitude.,본초 자오선은 경도 0도의 선이다.
lubrication,n.,윤활 (작용),Proper lubrication extends the lifespan of industrial machinery.,적절한 윤활은 산업 기계의 수명을 연장한다.
lucrative,adj.,"수익성이 좋은, 돈벌이가 되는",He left his corporate job to start a highly lucrative consulting business.,그는 매우 수익성이 좋은 컨설팅 사업을 시작하기 위해 직장을 그만두었다.
lunar,adj.,달의,The lunar landing in 1969 was a monumental achievement for humanity.,1969년의 달 착륙은 인류에게 기념비적인 업적이었다.
lyric,adj.,서정적인,Lyric poetry often explores the personal emotions of the poet.,서정시는 종종 시인의 개인적인 감정을 탐구한다.
machine learning,n.,기계 학습,Machine learning algorithms improve their performance as they are exposed to more data.,기계 학습 알고리즘은 더 많은 데이터에 노출될수록 성능이 향상된다.
macroscopic,adj.,"거시적인, 육안으로 보이는","Macroscopic objects, like apples and planets, follow the laws of classical physics.",사과나 행성 같은 거시적인 물체들은 고전 물리학의 법칙을 따른다.
maestro,n.,"거장, 명지휘자",The maestro guided the orchestra with passion and precision.,그 명지휘자는 열정과 정확성으로 오케스트라를 이끌었다.
magma,n.,마그마,Magma is molten rock located beneath the Earth's surface.,마그마는 지표면 아래에 위치한 녹은 암석이다.
magnetic,adj.,"자성의, 자석의",The Earth's magnetic field protects us from harmful solar radiation.,지구의 자기장은 유해한 태양 복사선으로부터 우리를 보호한다.
magnitude,n.,"규모, 크기",The earthquake had a magnitude of 7.5 on the Richter scale.,그 지진은 리히터 규모 7.5였다.
magnitude,n.,"규모, 정도",The magnitude of the earthquake was unprecedented in the region's history.,그 지진의 규모는 그 지역 역사상 전례가 없는 것이었다.
mainstream,n./adj.,주류의,Mainstream media are now competing with citizen journalists on social media.,주류 미디어는 이제 소셜 미디어의 시민 기자들과 경쟁하고 있다.
maintenance,n.,"유지 보수, 정비",Regular maintenance is crucial to keep the machinery running smoothly.,기계를 원활하게 작동시키려면 정기적인 유지 보수가 중요하다.
malignant,adj.,악성의,Malignant tumors can grow uncontrollably and spread to other parts of the body.,악성 종양은 통제할 수 없이 자라나 신체의 다른 부분으로 퍼질 수 있다.
malware,n.,악성 소프트웨어,Do not open attachments from unknown senders to avoid downloading malware.,악성 소프트웨어를 다운로드하지 않으려면 알 수 없는 발신자로부터 온 첨부 파일을 열지 마십시오.
mammal,n.,포유동물,Whales are marine mammals that need to come to the surface to breathe.,고래는 숨을 쉬기 위해 수면으로 올라와야 하는 해양 포유류이다.
mandate,n.,"명령, 권한, 위임",The agency has a clear mandate to protect public health and safety.,그 기관은 공중 보건과 안전을 보호해야 할 명확한 권한(명령)을 가지고 있다.
mandate,n.,"권한, 위임, 명령",The landslide victory gave the new government a clear mandate for reform.,압승은 새 정부에 개혁을 위한 명확한 권한(위임)을 부여했다.
mantle,n.,맨틀,"Below the crust lies the mantle, a layer of hot, semi-solid rock.",지각 아래에는 뜨거운 반고체 암석층인 맨틀이 있다.
manufacture,v.,"제조하다, 생산하다",The company uses automated machines to manufacture these auto parts.,그 회사는 이 자동차 부품들을 제조하기 위해 자동화된 기계를 사용한다.
manuscript,n.,"필사본, 원고",The monks carefully copied the sacred manuscript by hand.,수도승들은 정성스럽게 그 신성한 필사본을 손으로 베껴 썼다.
manuscript,n.,원고,The author submitted her final manuscript to the publisher.,작가는 자신의 최종 원고를 출판사에 제출했다.
margin,n.,"마진, 이윤, 차이",Supermarkets operate on a very thin profit margin.,슈퍼마켓은 매우 얇은 이윤(마진)으로 운영된다.
marginal,adj.,"한계의, 가장자리의",Marginal cost is the cost of producing one additional unit of a good.,한계 비용은 상품 한 단위를 추가로 생산하는 데 드는 비용이다.
marginalize,v.,소외시키다,We must ensure that minority groups are not marginalized in the political process.,우리는 소수 집단이 정치 과정에서 소외되지 않도록 보장해야 한다.
marine,adj.,"바다의, 해양의",Marine biologists study the behavior and habitats of ocean life.,해양 생물학자들은 바다 생물의 행동과 서식지를 연구한다.
masonry,n.,"석조 공사, 벽돌쌓기",The old church features beautiful brick masonry.,그 오래된 교회는 아름다운 벽돌 석조 공사를 특징으로 한다.
masonry,n.,"석조 건축, 돌 쌓기",The castle is a brilliant example of medieval stone masonry.,그 성은 중세 석조 건축의 훌륭한 예이다.
masonry,n.,석공 기술,The quality of the castle's masonry is truly remarkable.,그 성의 석공 기술 품질은 정말 놀랍다.
mass,n.,질량,Mass is a measure of the amount of matter in an object.,질량은 물체에 있는 물질의 양을 나타내는 척도이다.
masterpiece,n.,걸작,The novel is widely considered the author's ultimate masterpiece.,그 소설은 작가의 궁극적인 걸작으로 널리 여겨진다.
masterpiece,n.,"걸작, 명작",Leonardo da Vinci's Mona Lisa is widely considered a masterpiece.,레오나르도 다빈치의 모나리자는 널리 걸작으로 여겨진다.
materialism,n.,유물론,Materialism holds that matter is the fundamental substance in nature.,유물론은 물질이 자연의 근본적인 실체라고 주장한다.
matriarchal,adj.,모계의,Some indigenous groups still follow a matriarchal system.,일부 토착 집단은 여전히 모계 제도를 따른다.
matriculate,v.,(대학에) 입학하다,She plans to matriculate at a prestigious university this fall.,그녀는 올 가을 명문 대학에 입학할 계획이다.
matrix,n.,"행렬, 모형",The data can be organized into a mathematical matrix for easier computation.,데이터는 더 쉬운 계산을 위해 수학적 행렬로 정리될 수 있다.
mean,n.,평균,"To find the mean, add up all the numbers and divide by the total count.",평균을 구하려면 모든 숫자를 더한 다음 전체 개수로 나누면 된다.
mechanics,n.,"역학, 기계학",Classical mechanics describes the motion of macroscopic objects.,고전 역학은 거시적인 물체들의 운동을 설명한다.
media,n.,"미디어, 매체",Social media has fundamentally changed the landscape of modern advertising.,소셜 미디어는 현대 광고의 지형을 근본적으로 변화시켰다.
median,n.,중앙값,The median household income provides a better picture than the mean in this heavily skewed dataset.,이 심하게 편향된 데이터 세트에서는 가구 소득의 중앙값이 평균보다 더 나은 상황을 보여준다.
mediated,adj.,매개된,Most modern interactions are mediated by digital technology.,대부분의 현대적 상호작용은 디지털 기술에 의해 매개된다.
mediated,adj.,매개된,Our view of the world is often mediated by images and news reports.,세상에 대한 우리의 시각은 종종 이미지와 뉴스 보도에 의해 매개된다.
medieval,adj.,중세의,The town is famous for its well-preserved medieval architecture.,그 마을은 잘 보존된 중세 건축물로 유명하다.
meditate,v.,명상하다,She meditates every morning to clear her mind.,그녀는 마음을 비우기 위해 매일 아침 명상한다.
medium,n.,"(예술 창작의) 매체, 수단",Oil paint has been a popular medium for artists for centuries.,유화 물감은 수 세기 동안 화가들에게 인기 있는 매체였다.
medium,n.,매체,Watercolors are a difficult medium to master because they dry quickly.,수채화는 빨리 마르기 때문에 마스터하기 어려운 매체이다.
melody,n.,"선율, 멜로디",The song features a catchy melody that is hard to forget.,그 노래는 잊기 힘든 외우기 쉬운 멜로디를 특징으로 한다.
membrane,n.,"세포막, 얇은 막",The cell membrane controls what enters and exits the cell.,세포막은 세포에 들어가고 나가는 것을 통제한다.
memory,n.,기억,Working memory holds information temporarily for current tasks.,작업 기억은 현재 과업을 위해 정보를 일시적으로 유지한다.
merge,v.,합병하다,The two rival companies decided to merge to form a global giant.,두 경쟁 회사는 글로벌 거대 기업을 형성하기 위해 합병하기로 결정했다.
merit,n.,"가치, 장점","Promotions in the public sector should be based entirely on merit, not connections.",공공 부문에서의 승진은 인맥이 아니라 전적으로 능력(가치)에 기반해야 한다.
meritocracy,n.,능력주의,A true meritocracy rewards individuals based on their talent and hard work.,진정한 능력주의는 개인의 재능과 노력에 기반하여 보상한다.
metabolism,n.,신진대사,Age can significantly slow down your metabolic rate.,나이는 신진대사율을 상당히 늦추 수 있다.
metabolism,n.,신진대사,Exercise can help speed up your body's metabolism.,운동은 신체의 신진대사 속도를 높이는 데 도움을 줄 수 있다.
metacognition,n.,메타인지,Metacognition is 'thinking about one's own thinking'.,메타인지는 '자신의 사고에 대해 생각하는 것'이다.
metacognition,n.,메타인지,Developing metacognition improves students' ability to learn effectively.,메타인지를 기르는 것은 학생들이 효과적으로 배우는 능력을 향상시킨다.
metaphor,n.,"은유, 비유",The poet uses the ocean as a metaphor for the vastness of human emotion.,시인은 바다를 인간 감정의 광활함에 대한 은유로 사용한다.
metaphysics,n.,형이상학,"Metaphysics deals with abstract concepts such as being, knowing, and identity.","형이상학은 존재, 앎, 정체성과 같은 추상적인 개념들을 다룬다."
meteor,n.,"유성, 별똥별",We saw a bright meteor streak across the night sky.,우리는 밤하늘을 가로지르는 밝은 유성을 보았다.
meteorology,n.,기상학,Advances in meteorology have significantly improved weather forecasting.,기상학의 발전은 일기 예보를 크게 향상시켰다.
methodology,n.,방법론,The paper outlines the research methodology used to collect the data.,그 논문은 데이터를 수집하는 데 사용된 연구 방법론을 개괄한다.
microscopic,adj.,"미시적인, 현미경으로 봐야만 보이는",Bacteria are microscopic organisms that exist almost everywhere on Earth.,박테리아는 지구상 거의 모든 곳에 존재하는 미시적인 유기체이다.
migration,n.,"이주, 이동",Economic hardship often drives the mass migration of people to other countries.,경제적 어려움은 종종 사람들의 다른 국가로의 대규모 이주를 원인이 된다.
migration,n.,이주,Forced migration due to conflict is a major global issue.,분쟁으로 인한 강제 이주는 주요 글로벌 이슈이다.
migration,n.,이주,Seasonal migration is common among various bird species.,계절적 이주는 다양한 조류 종들 사이에서 흔하다.
migration,n.,"이주, 이동",The Great Migration saw millions of people move to urban centers for work.,대이주 시기에는 일자리를 위해 수백만 명의 사람들이 도시 중심부로 이동했다.
militia,n.,민병대,Armed militia groups control several parts of the rural territory.,무장 민병대들이 농촌 지역의 여러 곳을 통제하고 있다.
millennium,n.,천년,Human civilization has evolved significantly over the past millennium.,인류 문명은 지난 천년 동안 크게 발전했다.
mineral,n.,광물,Quartz is one of the most common minerals found in the Earth's crust.,석영은 지구 지각에서 가장 흔하게 발견되는 광물 중 하나이다.
minimalism,n.,미니멀리즘,Minimalism in design focuses on simplicity and functional utility.,디자인에서의 미니멀리즘은 단순함과 기능적 유용성에 집중한다.
minimalist,adj.,미니멀리스트의,The minimalist architecture avoids unnecessary decoration.,미니멀리스트 건축은 불필요한 장식을 피한다.
minimalist,adj.,"미니멀리즘의, 최소한의",The apartment has a minimalist design with very little furniture.,그 아파트는 가구가 거의 없는 미니멀리즘 디자인을 특징으로 한다.
misdemeanor,n.,경범죄,Traffic violations and petty theft are usually classified as misdemeanors.,교통 위반과 좀도둑질은 보통 경범죄로 분류된다.
misinformation,n.,"오보, 잘못된 정보",Social media platforms are struggling to combat the spread of misinformation.,소셜 미디어 플랫폼들은 잘못된 정보의 확산을 막기 위해 고군분투하고 있다.
mitigate,v.,완화하다,We must act quickly to mitigate the worst effects of global climate change.,우리는 지구 기후 변화의 최악의 영향을 완화하기 위해 신속하게 행동해야 한다.
mitigate,v.,완화하다,We need to mitigate the effects of carbon emissions on the climate.,우리는 기후에 미치는 탄소 배출의 영향을 완화해야 한다.
mitigation,n.,완화,Climate mitigation strategies focus on reducing the severity of global warming.,기후 완화 전략은 지구 온난화의 심각성을 줄이는 데 초점을 맞춘다.
mobilize,v.,동원하다,The community was able to mobilize volunteers quickly after the disaster.,그 지역 사회는 재난 직후 신속하게 자원봉사자들을 동원할 수 있었다.
mode,n.,최빈값,The mode is the number that appears most frequently in a given set of data.,최빈값은 주어진 데이터 세트에서 가장 자주 나타나는 숫자이다.
moderate,adj.,"온건한, 중도의","As a moderate, she appeals to voters from both sides of the political spectrum.",온건파(중도파)로서 그녀는 정치적 스펙트럼의 양측 유권자 모두에게 호소력이 있다.
modulate,v.,"조절하다, 변조하다",The device can modulate the frequency of the radio waves.,그 장치는 전파의 주파수를 변조할 수 있다.
module,n.,"모듈, 구성 단위","The program is divided into several modules, each handling a specific task.","프로그램은 여러 모듈로 나뉘며, 각각 특정 작업을 처리한다."
molecule,n.,분자,A water molecule consists of two hydrogen atoms and one oxygen atom.,물 분자는 두 개의 수소 원자와 한 개의 산소 원자로 구성된다.
molecule,n.,분자,Water is a molecule made of two hydrogen atoms and one oxygen atom.,물은 두 개의 수소 원자와 한 개의 산소 원자로 이루어진 분자이다.
momentum,n.,"운동량, 추진력",A heavy truck moving fast has a large amount of momentum.,빠르게 움직이는 무거운 트럭은 큰 운동량을 가진다.
monarch,n.,"군주, 제왕",The absolute monarch had complete control over the state's affairs.,절대 군주는 국가의 대소사에 대해 완전한 통제권을 가졌다.
monarchy,n.,군주제,The country is a constitutional monarchy where the king's powers are strictly limited.,그 나라는 왕의 권력이 엄격하게 제한되는 입헌 군주국이다.
monastery,n.,수도원,"The monks lived a quiet, secluded life in the mountain monastery.",수도승들은 산속 수도원에서 조용하고 격리된 삶을 살았다.
monetary,adj.,"통화의, 화폐의",The central bank controls the country's monetary policy by adjusting interest rates.,중앙은행은 금리를 조정하여 국가의 통화 정책을 통제한다.
monism,n.,일원론,Monism is the view that attributes oneness or singleness to a concept like existence.,일원론은 존재와 같은 개념에 단일성이나 일체성을 부여하는 견해이다.
monochrome,adj.,단색의,The artist painted a series of monochrome landscapes using only blue tones.,화가는 파란색 톤만을 사용하여 일련의 단색 풍경화를 그렸다.
monologue,n.,독백,The play begins with a long monologue by the main character.,그 연극은 주인공의 긴 독백으로 시작된다.
monologue,n.,독백 (매체 형식),The politician's address was more of a monologue than a two-way dialogue.,그 정치인의 연설은 양방향 대화라기보다 독백에 가까웠다.
monopoly,n.,독점,The antitrust laws prevent any single company from maintaining a monopoly.,독점 금지법은 어떤 단일 기업이 독점을 유지하는 것을 방지한다.
monsoon,n.,"계절풍, 우기",The summer monsoon brings heavy rainfall to South Asia.,여름 계절풍(우기)은 남아시아에 폭우를 가져온다.
monument,n.,"기념물, 기념비",The stone monument was erected to honor the soldiers who died in battle.,그 돌 기념비는 전투에서 사망한 군인들을 기리기 위해 세워졌다.
monument,n.,기념비,The monument was built to commemorate the heroes of the war.,그 기념비는 전쟁의 영웅들을 기리기 위해 세워졌다.
monumental,adj.,기념비적인,The construction of the cathedral was a monumental task that took decades.,대성당 건설은 수십 년이 걸린 기념비적인 과업이었다.
morality,n.,도덕(성),The play explores the morality of taking a human life in self-defense.,그 연극은 정당방위로 사람의 목숨을 앗아가는 것의 도덕성을 탐구한다.
morbidity,n.,질병률,The morbidity rate from this disease has decreased thanks to better treatments.,이 질병으로 인한 질병률은 더 나은 치료법 덕분에 감소했다.
morpheme,n.,형태소,A morpheme is the smallest unit of meaning in a language.,형태소는 언어에서 의미를 가진 가장 작은 단위이다.
morphology,n.,형태론,Morphology is the study of how words are formed from morphemes.,형태론은 단어가 형태소로부터 어떻게 형성되는지를 연구하는 학문이다.
morphology,n.,형태론,"In linguistics, morphology is the study of words and their parts.",언어학에서 형태론은 단어와 그 구성 요소에 대한 연구이다.
mortality,n.,사망률,Advances in medicine have significantly lowered infant mortality rates.,의학의 발전은 영유아 사망률을 크게 낮추었다.
mortgage,n.,"담보 대출, 모기지",They took out a 30-year mortgage to buy their first home.,그들은 첫 집을 사기 위해 30년 만기 주택 담보 대출을 받았다.
motif,n.,"모티프, 주요 원리",The recurring motif of a ticking clock symbolizes the passing of time.,째깍거리는 시계의 반복되는 모티프는 시간의 흐름을 상징한다.
motif,n.,"주제, 모티프",The recurring floral motif symbolizes the fleeting nature of life.,반복되는 꽃 모티프는 삶의 덧없는 본질을 상징한다.
motivation,n.,동기,Intrinsic motivation comes from internal satisfaction rather than external rewards.,내재적 동기는 외부 보상보다는 내적 만족에서 온다.
motivation,n.,동기,Intrinsic motivation drives long-term persistence in tasks.,내재적 동기는 과업에 대한 장기적인 끈기를 이끈다.
movement,n.,"(예술, 정치적) 운동",Cubism was an influential art movement in the early 20th century.,입체파는 20세기 초의 영향력 있는 미술 운동이었다.
multilateral,adj.,다자간의,Climate change is a global issue that requires a multilateral approach.,기후 변화는 다자간 접근이 필요한 글로벌 문제이다.
multimedia,n.,멀티미디어,"The presentation used multimedia elements, including text, audio, and video.","그 프레젠테이션은 텍스트, 오디오, 비디오를 포함한 멀티미디어 요소를 사용했다."
municipal,adj.,"지방 자치제의, 시의",The municipal government is responsible for waste management and local parks.,시 정부는 폐기물 관리와 지역 공원을 책임진다.
mural,n.,벽화,A giant mural on the side of the building depicts local history.,건물 옆면의 거대한 벽화는 지역 역사를 묘사한다.
mural,n.,벽화,The city commissioned a large mural to decorate the public square.,시는 공공 광장을 장식하기 위해 대형 벽화를 의뢰했다.
muse,n.,"뮤즈, 영감의 원천","His wife was his muse, appearing in almost all of his portraits.","그의 아내는 그의 영감의 원천이었으며, 그의 거의 모든 초상화에 등장했다."
mutation,n.,돌연변이,A genetic mutation can sometimes lead to an increased risk of cancer.,유전자 돌연변이는 때때로 암 발병 위험 증가로 이어질 수 있다.
myth,n.,신화,Greek myths explain natural phenomena through the actions of gods.,그리스 신화는 신들의 행동을 통해 자연 현상을 설명한다.
narrative,n.,"서사, 이야기",The novel has a compelling narrative that keeps readers engaged.,그 소설은 독자들을 몰입하게 만드는 흥미진진한 서사를 가지고 있다.
narrative,n.,서사,The media often shapes the dominant narrative of historical events.,미디어는 종종 역사적 사건의 지배적 서사를 형성한다.
navigate,v.,"탐색하다, 길을 찾다",The new website layout makes it much easier for users to navigate.,새로운 웹사이트 레이아웃은 사용자들이 훨씬 쉽게 탐색할 수 있도록 해준다.
necessary,adj.,필연적인,A necessary truth is one that could not possibly be false under any circumstances.,필연적 진리는 어떤 상황에서도 결코 거짓일 수 없는 진리이다.
negotiation,n.,"협상, 교섭",The hostage negotiation lasted for over 48 hours.,인질 협상은 48시간 이상 지속되었다.
neoclassicism,n.,신고전주의,Neoclassicism revived the classical styles of ancient Greece and Rome.,신고전주의는 고대 그리스와 로마의 고전 양식을 부활시켰다.
nepotism,n.,"친족 등용, 낙하산 인사",The director was accused of nepotism for hiring his own son.,그 이사는 자신의 아들을 고용한 것으로 친족 등용 비난을 받았다.
net,adj.,"순(純), 최종적인","After paying all expenses, the company's net profit was $2 million.",모든 비용을 지불한 후 회사의 순이익은 200만 달러였다.
neural,adj.,신경의,Neural networks in the brain facilitate rapid communication.,뇌의 신경망은 빠른 소통을 촉진한다.
neurological,adj.,신경학의,Alzheimer's is a progressive neurological disorder.,알츠하이머는 점진적인 신경학적 장애이다.
neuroplasticity,n.,신경가소성,Neuroplasticity allows the brain to change in response to new experiences.,신경가소성은 새로운 경험에 반응하여 뇌가 변화하도록 한다.
neuroplasticity,n.,신경가소성,Neuroplasticity enables the brain to reorganize itself after injury.,신경가소성은 뇌가 부상 후 스스로를 재구성할 수 있게 한다.
neuroscience,n.,신경과학,Neuroscience bridges biology and psychology to understand the brain.,신경과학은 뇌를 이해하기 위해 생물학과 심리학을 연결한다.
neuroscience,n.,신경과학,Neuroscience explores the biological basis of thought and behavior.,신경과학은 사고와 행동의 생물학적 근거를 탐구한다.
neurosis,n.,"노이로제, 신경증",His obsession with cleanliness was diagnosed as a mild neurosis.,그의 청결에 대한 집착은 가벼운 신경증으로 진단받았다.
neurotransmitter,n.,신경전달물질,Dopamine is a key neurotransmitter for pleasure and motivation.,도파민은 즐거움과 동기에 핵심적인 신경전달물질이다.
neutrality,n.,중립,Switzerland has a long-standing policy of armed neutrality.,스위스는 오랫동안 무장 중립 정책을 유지해 왔다.
neutralize,v.,중화시키다,Antacids are used to neutralize excess stomach acid.,제산제는 과도한 위산을 중화시키는 데 사용된다.
neutron,n.,중성자,Neutrons are found in the nucleus of an atom and have no charge.,중성자는 원자의 핵에서 발견되며 전하를 띠지 않는다.
nihilism,n.,허무주의,"Nihilism argues that life is without objective meaning, purpose, or intrinsic value.","허무주의는 삶에 객관적인 의미, 목적 또는 내재적 가치가 없다고 주장한다."
nobility,n.,귀족 (계급),The French Revolution sought to strip the nobility of their traditional privileges.,프랑스 혁명은 귀족 계급의 전통적인 특권을 박탈하고자 했다.
node,n.,"노드, 교점","In a computer network, each connected device acts as a separate node.",컴퓨터 네트워크에서 연결된 각 장치는 독립적인 노드 역할을 한다.
nomadic,adj.,"유목의, 방랑하는",The nomadic tribe travels across the desert in search of water.,유목 부족은 물을 찾아 사막을 가로질러 이동한다.
nonproliferation,n.,확산 방지,The treaty aims at the nonproliferation of nuclear weapons.,그 조약은 핵무기 확산 방지를 목표로 한다.
norm,n.,"규범, 표준","In many cultures, it is a social norm to greet elders with respect.",많은 문화권에서 어른들에게 존경을 표하며 인사하는 것은 사회적 규범이다.
normative,adj.,규범적인,Normative ethics attempts to establish rules and principles for moral behavior.,규범 윤리학은 도덕적 행동을 위한 규칙과 원칙을 확립하려고 시도한다.
norms,n.,규범,Social norms dictate what is considered acceptable behavior in a culture.,사회적 규범은 문화 내에서 무엇이 용인 가능한 행동으로 간주되는지를 지시한다.
noumenon,n.,"물자체, 본체",The noumenon is a posited object or event that exists independently of human sense.,물자체는 인간의 감각과 독립적으로 존재하는 것으로 가정된 대상이나 사건이다.
novelist,n.,소설가,"As a renowned novelist, she spends most of her time writing in isolation.","저명한 소설가로서, 그녀는 혼자 글을 쓰는 데 대부분의 시간을 보낸다."
nucleus,n.,"세포핵, 중심",The nucleus contains the cell's genetic material.,세포핵은 세포의 유전 물질을 포함하고 있다.
nucleus,n.,"원자핵, 중심",Almost all of an atom's mass is concentrated in its tiny nucleus.,원자 질량의 거의 전부는 그 작은 원자핵에 집중되어 있다.
nurture,v.,"양육하다, 보살피다",It is important to nurture young talents in the field of science.,과학 분야의 젊은 인재들을 양육하는 것이 중요하다.
nutrition,n.,영양,Proper nutrition is essential for a child's healthy growth.,적절한 영양은 아이의 건강한 성장에 필수적이다.
obesity,n.,비만,Childhood obesity has become a major public health concern.,소아 비만은 주요한 공중 보건 문제가 되었다.
objective,adj.,객관적인,Scientists strive to remain objective and unbiased in their research.,과학자들은 연구에서 객관적이고 편견을 갖지 않으려고 노력한다.
obligation,n.,의무,We have a moral obligation to protect the environment for future generations.,우리는 미래 세대를 위해 환경을 보호할 도덕적 의무가 있다.
observation,n.,관찰,Careful observation is the first step in the scientific method.,주의 깊은 관찰은 과학적 방법의 첫 번째 단계이다.
observatory,n.,"관측소, 천문대",The astronomical observatory is located on top of a high mountain to avoid light pollution.,그 천문대는 광공해를 피하기 위해 높은 산 꼭대기에 위치해 있다.
obsessive,adj.,강박적인,Obsessive behaviors often disrupt a person's daily life.,강박적인 행동은 종종 사람의 일상생활을 방해한다.
obsolete,adj.,"더 이상 쓰이지 않는, 구식의",The invention of gunpowder made medieval armor completely obsolete.,화약의 발명은 중세의 갑옷을 완전히 구식으로 만들었다.
oceanography,n.,해양학,"Oceanography encompasses the study of marine life, ecosystems, and ocean currents.","해양학은 해양 생물, 생태계, 그리고 해류에 대한 연구를 포괄한다."
oligopoly,n.,과점,The airline industry is an oligopoly controlled by a few major carriers.,항공 산업은 소수의 주요 항공사들이 통제하는 과점 상태이다.
omniscient,adj.,전지적인,"The story is told from an omniscient point of view, knowing all characters' thoughts.",그 이야기는 모든 등장인물의 생각을 아는 전지적 시점으로부터 서술된다.
oncology,n.,종양학,Oncology is the branch of medicine dealing with the diagnosis and treatment of cancer.,종양학은 암의 진단과 치료를 다루는 의학의 한 분야이다.
ontology,n.,존재론,Ontology is a branch of metaphysics dealing with the nature of being.,존재론은 존재의 본질을 다루는 형이상학의 한 분야이다.
opaque,adj.,불투명한,A brick wall is opaque and blocks all light.,벽돌 벽은 불투명해서 모든 빛을 차단한다.
opera,n.,오페라,"The opera combines elaborate sets, dramatic acting, and powerful singing.","오페라는 정교한 세트, 극적인 연기, 그리고 강력한 노래를 결합한다."
operating system,n.,운영 체제 (OS),Windows and macOS are the most widely used operating systems for personal computers.,윈도우와 macOS는 개인용 컴퓨터에 가장 널리 사용되는 운영 체제이다.
opinion,n.,"의견, 여론",Public opinion on the issue is deeply divided.,그 문제에 대한 여론은 깊이 분열되어 있다.
optimize,v.,최적화하다,We need to optimize the software code to reduce the processing time.,처리 시간을 줄이기 위해 소프트웨어 코드를 최적화해야 한다.
orbit,n.,궤도 / v. 궤도를 돌다,The Earth takes one year to complete its orbit around the Sun.,지구가 태양 주위의 궤도를 한 바퀴 도는 데 1년이 걸린다.
orchestra,n.,"오케스트라, 관현악단",The orchestra tuned their instruments before the concert began.,오케스트라는 콘서트가 시작되기 전에 악기를 조율했다.
ordinance,n.,"조례, 법령",A local ordinance prohibits parking on this street after midnight.,지역 조례는 자정 이후 이 거리에 주차하는 것을 금지한다.
organ,n.,"장기, 기관",The heart is a vital organ that pumps blood throughout the body.,심장은 몸 전체에 혈액을 펌프질하는 필수 장기이다.
organic,adj.,"유기농의, 유기 화합물의",Organic chemistry focuses on the study of carbon-based compounds.,유기 화학은 탄소 기반 화합물 연구에 초점을 맞춘다.
ornament,n.,장식(품),The wooden box was covered in intricate gold ornaments.,그 나무 상자는 복잡한 금 장식들로 덮여 있었다.
ornament,n.,장식품,The garden is filled with small stone ornaments and statues.,정원은 작은 석재 장식품과 동상들로 가득하다.
ornate,adj.,화려하게 장식된,The church interior is filled with ornate wood carvings and gold leaf.,교회 내부는 화려하게 장식된 목각과 금박으로 가득 차 있다.
orthodox,adj.,"정통의, 전통적인",He challenged the orthodox views held by older scientists.,그는 나이 든 과학자들이 가진 전통적인 견해에 이의를 제기했다.
orthodox,adj.,"정통의, 전통적인","He grew up in a strict, orthodox religious family.",그는 엄격하고 정통적인 종교 가정에서 자랐다.
orthodox,adj.,정통의,He holds highly orthodox views on the nature of morality.,그는 도덕의 본질에 대해 매우 정통적인 견해를 가지고 있다.
oscillate,v.,"진동하다, 흔들리다",The pendulum continues to oscillate back and forth.,진자는 계속해서 앞뒤로 진동한다.
outbreak,n.,발병,The health authorities are trying to contain the outbreak of the disease.,보건 당국은 그 질병의 발병을 억제하려고 노력하고 있다.
outlier,n.,"이상치, 극단치",The researcher removed the outlier from the dataset to avoid skewing the results.,연구원은 결과를 왜곡하는 것을 피하기 위해 데이터 세트에서 이상치를 제거했다.
outpatient,n.,외래 환자,The outpatient clinic is open from 9 am to 5 pm.,외래 진료소는 오전 9시부터 오후 5시까지 운영된다.
output,n.,"생산량, 산출량",Factory output fell sharply due to the shortage of raw materials.,원자재 부족으로 인해 공장 생산량이 급격히 떨어졌다.
outsource,v.,"외주를 주다, 아웃소싱하다",Many corporations outsource their customer support to specialized call centers.,많은 기업들이 고객 지원을 전문 콜센터에 외주를 준다.
outsource,v.,외주를 주다,Many Western companies outsource their manufacturing to countries with lower labor costs.,많은 서양 기업들이 인건비가 더 낮은 국가로 제조를 외주 준다.
overthrow,v.,"전복시키다, 타도하다",The citizens united to overthrow the oppressive regime.,시민들은 억압적인 정권을 타도하기 위해 연대했다.
oxidation,n.,산화,Rust on iron is a common example of oxidation.,철의 녹은 산화의 흔한 예이다.
oxymoron,n.,"모순형용, 모순어법",'Deafening silence' is a well-known example of an oxymoron.,'귀청이 터질 듯한 침묵'은 모순어법의 잘 알려진 예이다.
ozone,n.,오존,The ozone hole over Antarctica has shown signs of recovery.,남극 대륙 상공의 오존홀은 회복의 징후를 보여왔다.
ozone,n.,오존,The ozone layer absorbs most of the sun's harmful ultraviolet radiation.,오존층은 태양의 유해한 자외선의 대부분을 흡수한다.
palette,n.,색조,The artist's limited palette emphasizes the simplicity of the subject.,화가의 제한된 색조는 주제의 단순함을 강조한다.
palette,n.,"팔레트, 색조",The artist used a dark palette to convey a sense of melancholy.,화가는 우울감을 전달하기 위해 어두운 색조(팔레트)를 사용했다.
pantheism,n.,범신론,"Pantheism is the belief that reality is identical with divinity, or that all-things compose an all-encompassing god.",범신론은 현실이 신성과 동일하거나 모든 만물이 모든 것을 포괄하는 신을 구성한다는 믿음이다.
pantomime,n.,"무언극, 팬터마임",The performers used pantomime to tell a story without using any words.,공연자들은 어떤 단어도 사용하지 않고 이야기를 전달하기 위해 무언극을 사용했다.
paradigm,n.,패러다임,Thomas Kuhn introduced the concept of a paradigm shift in the history of science.,토머스 쿤은 과학사에서 패러다임 전환이라는 개념을 도입했다.
paradigm,n.,"패러다임, 사고의 틀",The invention of the internet brought about a paradigm shift in communication.,인터넷의 발명은 통신 분야에 패러다임의 전환을 가져왔다.
paradox,n.,역설,It is a curious paradox that drinking a lot of water can sometimes make you feel thirstier.,물을 많이 마시는 것이 때로는 갈증을 더 느끼게 할 수 있다는 것은 기이한 역설이다.
paradox,n.,역설,The Liar's Paradox ('This statement is false') is a famous philosophical problem.,거짓말쟁이의 역설('이 문장은 거짓이다')은 유명한 철학적 문제이다.
parallel,adj.,평행한,The railroad tracks run parallel to each other for miles.,기찻길은 수 마일 동안 서로 평행하게 달린다.
parameter,n.,"매개변수, 한도",The machine operates safely as long as it stays within the set parameters.,그 기계는 설정된 한도 내에 머무는 한 안전하게 작동한다.
parasite,n.,기생충,Ticks are parasites that feed on the blood of other animals.,진드기는 다른 동물의 피를 먹고 사는 기생충이다.
parliament,n.,"의회, 국회",The prime minister dissolved parliament and called for an early election.,총리는 의회를 해산하고 조기 선거를 소집했다.
parody,n.,"패러디, 풍자적 모방",The movie is a hilarious parody of classic spy films.,그 영화는 고전 스파이 영화들을 아주 우스꽝스럽게 패러디한 것이다.
parole,n.,가석방,He was released on parole after serving ten years of his sentence.,그는 10년의 형기를 마친 후 가석방으로 풀려났다.
participatory,adj.,참여적인,Participatory media give citizens a voice in the public sphere.,참여적 미디어는 시민들이 공적 영역에서 목소리를 낼 수 있게 한다.
particle,n.,입자,Quantum mechanics studies the behavior of subatomic particles.,양자 역학은 아원자 입자들의 행동을 연구한다.
partisan,adj.,"당파적인, 편파적인",The media's highly partisan coverage of the election divided the country.,그 선거에 대한 언론의 매우 당파적인 보도는 나라를 분열시켰다.
patch,n.,"패치, 수정 프로그램",The developer released a patch to fix the security vulnerability.,개발자는 보안 취약점을 수정하기 위해 패치를 출시했다.
patent,n.,특허(권),The inventor filed a patent to protect his innovative technology.,발명가는 자신의 혁신적인 기술을 보호하기 위해 특허를 출원했다.
paternalism,n.,온정주의,Laws requiring seatbelts are sometimes seen as an example of state paternalism.,안전벨트를 요구하는 법은 때때로 국가 온정주의의 한 예로 간주된다.
paternalism,n.,"온정주의, 가부장주의",The company's approach to its employees was criticized as outdated paternalism.,직원들에 대한 그 회사의 접근 방식은 구식 온정주의라고 비판받았다.
pathogen,n.,병원균,Hand hygiene is the best way to prevent the transmission of pathogens.,손 위생은 병원균의 전파를 막는 가장 좋은 방법이다.
pathogen,n.,"병원균, 병원체",Washing hands frequently helps prevent the spread of harmful pathogens.,손을 자주 씻는 것은 해로운 병원균의 확산을 막는 데 도움이 된다.
pathological,adj.,병리학의,The patient exhibited pathological behavior that required immediate intervention.,환자는 즉각적인 개입이 필요한 병리학적 행동을 보였다.
pathology,n.,병리학,Pathology is the study of the causes and effects of diseases.,병리학은 질병의 원인과 결과를 연구하는 학문이다.
patriarchal,adj.,가부장적인,"In a patriarchal society, men typically hold the most power.",가부장적인 사회에서는 보통 남성들이 가장 많은 권력을 쥔다.
patron,n.,후원자,"During the Renaissance, wealthy patrons supported many famous artists.",르네상스 시대에는 부유한 후원자들이 많은 유명한 예술가들을 지원했다.
patronage,n.,후원,The artist survived on the patronage of a wealthy nobleman.,그 예술가는 부유한 귀족의 후원으로 생계를 유지했다.
pattern recognition,n.,패턴 인식,Pattern recognition is a fundamental aspect of human perception.,패턴 인식은 인간 지각의 근본적인 측면이다.
peacekeeping,adj.,평화 유지의,UN peacekeeping forces were deployed to monitor the ceasefire.,휴전을 감시하기 위해 유엔 평화 유지군이 배치되었다.
peasant,n.,"소작농, 농민",Peasant revolts were common during times of severe famine.,극심한 기근 시기에는 농민 반란이 흔했다.
pedagogy,n.,"교육학, 교수법",Modern pedagogy emphasizes interactive learning rather than passive listening.,현대 교육학은 수동적인 듣기보다 상호작용적인 학습을 강조한다.
pedantic,adj.,"지나치게 규칙을 찾는, 학자인 척하는",His pedantic style of lecturing often bored the students.,그의 지나치게 학자인 척하는 강의 스타일은 종종 학생들을 지루하게 했다.
pediatric,adj.,소아과의,She specializes in pediatric care for newborn infants.,그녀는 신생아를 위한 소아과 진료를 전문으로 한다.
peer,n.,"또래, 동년배",Peer pressure can strongly influence the behavior of adolescents.,또래 압력은 청소년들의 행동에 강하게 영향을 미칠 수 있다.
peer-review,n.,동료 평가,The journal article passed a strict peer-review process before publication.,그 학술지 논문은 출판되기 전에 엄격한 동료 평가 과정을 통과했다.
penalty,n.,"형벌, 벌금",The maximum penalty for this offense is life imprisonment.,이 범죄에 대한 최대 형벌은 종신형이다.
peninsula,n.,반도,Korea is a peninsula surrounded by water on three sides.,한국은 삼면이 바다로 둘러싸인 반도이다.
pension,n.,연금,Civil servants receive a stable pension after they retire.,공무원들은 은퇴 후 안정적인 연금을 받는다.
perception,n.,지각,The sensory systems provide the input for our perception of reality.,감각 체계는 현실 지각을 위한 입력을 제공한다.
perception,n.,"지각, 인식",Our perception of reality is often shaped by our cultural background.,우리의 현실 인식은 종종 문화적 배경에 의해 형성된다.
perception,n.,지각,Our perception of reality is often subjective and prone to error.,현실에 대한 우리의 지각은 종종 주관적이며 오류가 발생하기 쉽다.
perception,n.,"지각, 인식",Optical illusions trick our visual perception.,착시 현상은 우리의 시각적 지각을 속인다.
perception,n.,지각,Visual perception involves processing information from the eyes.,시각적 지각은 눈으로부터 오는 정보를 처리하는 것을 포함한다.
perception,n.,지각,Our perception of the world is shaped by our past experiences.,세상에 대한 우리의 지각은 과거 경험에 의해 형성된다.
performance,n.,언어 수행,Performance is how people actually use language in everyday speech.,언어 수행은 사람들이 일상 대화에서 언어를 실제로 사용하는 방식이다.
peripheral,n.,주변기기,Printers and scanners are common computer peripherals.,프린터와 스캐너는 흔한 컴퓨터 주변기기이다.
perjury,n.,위증죄,Lying under oath in a court of law is a serious crime known as perjury.,법정에서 선서 후 거짓말을 하는 것은 위증죄로 알려진 심각한 범죄이다.
perpendicular,adj.,수직의,The flagpole stands perpendicular to the ground.,깃대는 땅에 수직으로 서 있다.
personality,n.,성격,Psychologists study how personality traits develop over a lifetime.,심리학자들은 성격 특성이 평생 동안 어떻게 발달하는지 연구한다.
personality,n.,성격,Psychologists use the Big Five model to assess personality traits.,심리학자들은 성격 특성을 평가하기 위해 5대 성격 모델을 사용한다.
personification,n.,의인화,"Through personification, the wind was described as howling in anger.",의인화를 통해 바람은 분노하여 울부짖는 것으로 묘사되었다.
personnel,n.,"인사과, 직원들",All requests for vacation days must be approved by the personnel department.,모든 휴가 요청은 인사부의 승인을 받아야 한다.
perspective,n.,원근법,Artists use linear perspective to create the illusion of depth.,예술가들은 깊이의 착시를 만들기 위해 선형 원근법을 사용한다.
perspective,n.,"원근법, 관점",The discovery of linear perspective revolutionized 15th-century art.,선형 원근법의 발견은 15세기 예술에 혁명을 일으켰다.
pesticide,n.,살충제,The widespread use of pesticides has harmed local insect populations.,살충제의 광범위한 사용은 지역 곤충 개체군에 피해를 주었다.
petition,n.,청원(서) / v. 청원하다,Over a million citizens signed a petition to ban single-use plastics.,100만 명 이상의 시민들이 일회용 플라스틱을 금지하는 청원에 서명했다.
pharmacology,n.,약리학,Pharmacology is the study of how drugs interact with the body.,약리학은 약물이 신체와 어떻게 상호 작용하는지를 연구하는 학문이다.
phase,n.,"단계, 상",Water changes from a liquid phase to a gas phase when it boils.,물은 끓을 때 액체상에서 기체상으로 변한다.
phenomenology,n.,현상학,Phenomenology is the study of structures of consciousness as experienced from the first-person point of view.,현상학은 1인칭 관점에서 경험되는 의식의 구조에 대한 연구이다.
phenomenon,n.,현상,Kant distinguished between the observable phenomenon and the thing-in-itself.,칸트는 관찰 가능한 현상과 물자체(사물 그 자체)를 구분했다.
philosophy,n.,철학,She decided to major in philosophy to explore the fundamental questions of existence.,그녀는 존재의 근본적인 질문들을 탐구하기 위해 철학을 전공하기로 결정했다.
phobia,n.,공포증,A specific phobia is an irrational fear of an object or situation.,특정 공포증은 대상이나 상황에 대한 비이성적인 두려움이다.
phobia,n.,공포증,She has an irrational phobia of enclosed spaces.,그녀는 밀폐된 공간에 대한 비이성적인 공포증을 가지고 있다.
phoneme,n.,음소,A phoneme is the smallest unit of sound that distinguishes meaning.,음소는 의미를 구별하는 가장 작은 소리 단위이다.
phonetic,adj.,"음성의, 발음에 의한",Korean Hangul is a phonetic alphabet.,한국의 한글은 발음 기호(음성 문자)이다.
phonetics,n.,음성학,Phonetics studies the physical sounds of human speech.,음성학은 인간 말소리의 물리적 소리를 연구한다.
phonology,n.,음운론,Phonology studies the sound systems of individual languages.,음운론은 개별 언어의 음 체계를 연구한다.
photon,n.,"광자, 빛의 입자",A photon is a fundamental particle of visible light.,광자는 가시광선의 기본 입자이다.
photosynthesis,n.,광합성,Plants use sunlight to make food through the process of photosynthesis.,식물은 광합성 과정을 통해 햇빛을 사용하여 양분을 만든다.
photovoltaic,adj.,광전지의,Installing photovoltaic panels can significantly reduce electricity costs.,광전지 패널을 설치하는 것은 전기 비용을 상당히 절감할 수 있다.
photovoltaic,adj.,"광전성의, 태양광 발전의",Photovoltaic cells convert sunlight directly into electricity.,광전지는 햇빛을 직접 전기로 변환한다.
physician,n.,내과 의사,A general physician can handle a wide variety of health issues.,일반 내과 의사는 다양한 건강 문제를 다룰 수 있다.
physiotherapy,n.,물리 치료,Physiotherapy is essential for recovery after a major injury.,물리 치료는 큰 부상 후 회복을 위해 필수적이다.
pigment,n.,"안료, 색소",Ancient artists crushed minerals to create natural pigments.,고대 예술가들은 천연 안료를 만들기 위해 광물을 으깨었다.
pigment,n.,안료,Natural pigments derived from earth were used in prehistoric cave paintings.,지구에서 추출한 천연 안료가 선사 시대 동굴 벽화에 사용되었다.
pilgrimage,n.,순례,Millions of Muslims make a pilgrimage to Mecca at least once in their lifetime.,수백만의 무슬림들은 일생에 적어도 한 번은 메카로 순례를 떠난다.
pioneer,n.,"개척자, 선구자",Marie Curie was a pioneer in the field of radioactivity research.,마리 퀴리는 방사능 연구 분야의 선구자였다.
pious,adj.,"경건한, 독실한",She was a pious woman who attended church every Sunday.,그녀는 매주 일요일 교회에 참석하는 독실한 여성이었다.
pivot,n.,"회전축, 중심점",The door turns on a metal pivot.,그 문은 금속 회전축을 중심으로 돌아간다.
placebo,n.,"위약, 플라시보",The placebo effect demonstrates the power of the mind over the body's physical state.,플라시보 효과는 신체의 물리적 상태에 대한 마음의 힘을 보여준다.
placebo,n.,위약,The results showed no significant difference between the drug and the placebo.,결과는 약물과 위약 사이에 유의미한 차이가 없음을 보여주었다.
plagiarism,n.,표절,Plagiarism is a serious academic offense that can result in expulsion.,표절은 퇴학을 초래할 수 있는 심각한 학문적 위반 행위이다.
plagiarism,n.,표절,The journalist was fired after being accused of plagiarism.,그 언론인은 표절 혐의를 받은 후 해고되었다.
plaintiff,n.,원고 (소송을 제기한 사람),The plaintiff is seeking $1 million in damages for medical malpractice.,원고는 의료 과실에 대해 100만 달러의 손해 배상을 청구하고 있다.
plankton,n.,"플랑크톤, 부유 생물",Plankton forms the base of the marine food web.,플랑크톤은 해양 먹이 그물의 기초를 형성한다.
plasticity,n.,가소성,Experience-dependent plasticity is the brain's ability to adapt.,경험 의존적 가소성은 변화에 적응하는 뇌의 능력이다.
platform,n.,플랫폼,Twitter serves as a platform for real-time news discussion.,트위터는 실시간 뉴스 토론을 위한 플랫폼 역할을 한다.
playwright,n.,극작가,Arthur Miller is considered one of the greatest American playwrights.,아서 밀러는 가장 위대한 미국의 극작가 중 한 명으로 여겨진다.
plot,n.,"줄거리, 구성",The plot of the mystery novel is full of unexpected twists.,그 추리 소설의 줄거리는 예기치 않은 반전으로 가득하다.
pneumatic,adj.,공기 압축에 의한,Pneumatic drills are commonly used in construction and mining.,공압 드릴은 건설 및 광업에서 흔히 사용된다.
poet,n.,시인,The poet was awarded the Nobel Prize in Literature.,그 시인은 노벨 문학상을 수상했다.
poetry,n.,"시, 운문",She finds comfort in reading romantic poetry.,그녀는 낭만주의 시를 읽으며 위안을 얻는다.
pole,n.,극,A magnet always has a north pole and a south pole.,자석은 항상 북극과 남극을 가진다.
policy,n.,"정책, 방침",The government introduced a new housing policy to help first-time buyers.,정부는 생애 최초 구매자를 돕기 위해 새로운 주택 정책을 도입했다.
pollutant,n.,오염 물질,Airborne pollutants pose a significant risk to public health.,공기 중의 오염 물질은 공중 보건에 상당한 위험을 초래한다.
pollution,n.,오염,Air pollution in major cities is a severe health hazard.,대도시의 대기 오염은 심각한 건강상의 위험이다.
polymer,n.,"중합체, 고분자",Plastics are a type of polymer made of long chains of repeating molecules.,플라스틱은 반복되는 분자들의 긴 사슬로 이루어진 중합체의 일종이다.
population,n.,"모집단, 인구","In statistics, the population refers to the entire group you want to draw conclusions about.",통계학에서 모집단은 결론을 도출하고자 하는 전체 집단을 의미한다.
populism,n.,포퓰리즘,The media is often blamed for fueling the rise of political populism.,미디어는 종종 정치적 포퓰리즘의 부상을 부채질한다는 비난을 받는다.
port,n.,"포트, 연결 단자",Plug the USB drive into the port on the side of your laptop.,USB 드라이브를 노트북 측면의 포트에 꽂으세요.
portfolio,n.,"포트폴리오, 투자 자산 구성",Financial advisors recommend diversifying your investment portfolio to reduce risk.,재무 고문들은 위험을 줄이기 위해 투자 포트폴리오를 다각화할 것을 권장한다.
portfolio,n.,"작품집, 포트폴리오",The art student prepared a portfolio to showcase her best work.,미술학도는 자신의 최고의 작품들을 선보이기 위해 포트폴리오를 준비했다.
portrait,n.,초상화,The royal portrait hangs in the main hall of the palace.,왕실 초상화는 궁전의 중앙 홀에 걸려 있다.
portrait,n.,초상화,The museum acquired a rare portrait of the queen.,그 박물관은 여왕의 희귀한 초상화를 획득했다.
portraiture,n.,초상화 제작,She specializes in portraiture and captures the personality of her subjects.,그녀는 초상화 제작을 전문으로 하며 피사체의 개성을 포착한다.
portray,v.,"묘사하다, 연기하다",The author portrays the struggles of working-class families in the 1920s.,작가는 1920년대 노동자 계층 가족의 고군분투를 묘사한다.
postulate,v.,"상정하다, 가정하다",Einstein postulated that the speed of light is constant for all observers.,아인슈타인은 빛의 속도가 모든 관찰자에게 일정하다고 가정했다.
potential,adj.,"위치의, 잠재적인",Water stored behind a dam holds a massive amount of potential energy.,댐 뒤에 저장된 물은 막대한 양의 위치 에너지를 지니고 있다.
practitioner,n.,개업의,She is a licensed practitioner with over twenty years of experience.,그녀는 20년 이상의 경력을 가진 면허 있는 개업의이다.
pragmatics,n.,화용론,Pragmatics studies how context affects the interpretation of meaning.,화용론은 맥락이 의미 해석에 어떻게 영향을 미치는지 연구한다.
pragmatism,n.,실용주의,Pragmatism evaluates theories or beliefs in terms of the success of their practical application.,실용주의는 이론이나 신념을 실제 적용의 성공 측면에서 평가한다.
precedent,n.,"판례, 선례",The Supreme Court's ruling sets a dangerous precedent for future cases.,대법원의 판결은 미래의 사건들에 대해 위험한 선례를 남긴다.
precipitation,n.,강수(량),The desert region receives very little annual precipitation.,그 사막 지역은 연간 강수량이 매우 적다.
precise,adj.,정밀한,The laser beam enables extremely precise cutting of the metal.,레이저 빔은 금속의 매우 정밀한 절단을 가능하게 한다.
predator,n.,포식자,Lions are the apex predators in the African savanna.,사자는 아프리카 사바나의 최상위 포식자이다.
predecessor,n.,"전임자, 이전 것",The new president overturned many policies implemented by his predecessor.,새 대통령은 전임자가 시행한 많은 정책들을 뒤집었다.
preface,n.,"서문, 머리말","In the preface, the author explains his motivation for writing the book.",서문에서 작가는 책을 쓴 동기를 설명한다.
prefrontal,adj.,전두엽의,The prefrontal cortex manages complex decision-making.,전두엽 피질은 복잡한 의사결정을 관리한다.
prehistoric,adj.,선사 시대의,Dinosaur fossils give us clues about prehistoric life.,공룡 화석은 선사 시대의 삶에 대한 단서를 제공한다.
prehistoric,adj.,선사 시대의,Prehistoric cave paintings offer glimpses into early human life.,선사 시대 동굴 벽화는 초기 인류의 삶을 엿볼 수 있게 해준다.
prejudice,n.,편견,Education is a powerful tool to overcome social prejudice.,교육은 사회적 편견을 극복하는 강력한 도구이다.
prejudice,n.,편견,Education is one of the most effective ways to combat prejudice and discrimination.,교육은 편견과 차별에 맞서 싸우는 가장 효과적인 방법 중 하나이다.
premise,n.,전제,"If the premise is false, the conclusion cannot be guaranteed to be true.",전제가 거짓이라면 결론이 참이라고 보장할 수 없다.
premium,n.,"할증료, 보험료",Young drivers usually have to pay a higher premium for car insurance.,젊은 운전자들은 대개 자동차 보험에 대해 더 높은 보험료를 지불해야 한다.
prerequisite,n.,"전제 조건, 선수 과목",Introduction to Psychology is a prerequisite for the advanced course.,심리학 개론은 고급 과정의 선수 과목이다.
prescription,n.,처방전,You need a doctor's prescription to buy this medication.,이 약을 사려면 의사의 처방전이 필요하다.
prescriptive,adj.,규범적인,Prescriptive grammar sets rules for how language 'should' be used.,규범 문법은 언어가 '어떻게' 사용되어야 하는지에 대한 규칙을 설정한다.
preservation,n.,보존,The preservation of historical sites is crucial for future generations.,역사적 유적지의 보존은 미래 세대를 위해 매우 중요하다.
press,n.,"언론, 기자단",The free press is often referred to as the fourth estate.,자유 언론은 종종 제4부(제4의 권력)로 불린다.
prevalent,adj.,"널리 퍼진, 만연한",The disease is more prevalent in tropical regions.,그 질병은 열대 지방에서 더 널리 퍼져 있다.
prey,n.,"먹이, 사냥감",Owls hunt small mammals like mice as their prey.,올빼미는 쥐와 같은 작은 포유류를 먹이로 사냥한다.
prime,adj.,"소수의, 가장 중요한",Seven is a prime number because it can only be divided by one and itself.,7은 1과 자기 자신으로만 나눌 수 있기 때문에 소수이다.
priming,n.,점화 (효과),Priming is a technique where exposure to one stimulus influences another.,점화는 하나의 자극에 노출되는 것이 다른 것에 영향을 주는 기법이다.
primitive,adj.,원시적인,The primitive tools were carved out of bone and stone.,그 원시적인 도구들은 뼈와 돌을 깎아 만들어졌다.
primitive,adj.,"원시적인, 초기의",Primitive tools made of stone were found at the archaeological site.,고고학 유적지에서 돌로 만들어진 원시적인 도구들이 발견되었다.
privacy,n.,"프라이버시, 사생활",Many users are concerned about data privacy on social media platforms.,많은 사용자들이 소셜 미디어 플랫폼의 데이터 프라이버시에 대해 우려하고 있다.
probability,n.,확률,There is a high probability of rain tomorrow afternoon.,내일 오후에 비가 올 확률이 높다.
probation,n.,"집행 유예, 보호 관찰","Instead of going to jail, the young offender was placed on probation.","감옥에 가는 대신, 그 어린 범죄자는 집행 유예(보호 관찰) 처분을 받았다."
problem-solving,n.,문제 해결,Problem-solving requires both logic and creativity.,문제 해결은 논리와 창의성을 모두 요구한다.
procedural,adj.,절차적인,Procedural memory is responsible for skills like riding a bike.,절차적 기억은 자전거 타기와 같은 기술을 담당한다.
processor,n.,"프로세서, 처리기",A faster processor allows the computer to perform complex calculations in milliseconds.,더 빠른 프로세서는 컴퓨터가 밀리초 단위로 복잡한 계산을 수행할 수 있게 해준다.
proclaim,v.,"선언하다, 공포하다",The new republic was proclaimed immediately after the king's exile.,왕이 추방된 직후 새로운 공화국이 선포되었다.
procurement,n.,"조달, 구매",The defense ministry is responsible for the procurement of military equipment.,국방부는 군사 장비의 조달을 책임진다.
proficiency,n.,"능숙함, 숙달",A high level of proficiency in English is required for this position.,이 직책에는 높은 수준의 영어 숙달 능력이 요구된다.
prognosis,n.,예후,The doctor gave a positive prognosis after the successful surgery.,성공적인 수술 후 의사는 긍정적인 예후를 내렸다.
projection,n.,투사,Psychological projection involves attributing one's own traits to others.,심리적 투사는 자신의 특성을 타인에게 돌리는 것을 포함한다.
proliferation,n.,"급증, 확산",The proliferation of fake news on social media is a major concern.,소셜 미디어에서 가짜 뉴스의 확산은 주요 우려 사항이다.
prolific,adj.,다작의,"He was a prolific composer, writing hundreds of musical pieces.",그는 수백 곡을 쓴 다작의 작곡가였다.
prolific,adj.,다작하는,"Picasso was an incredibly prolific artist, creating thousands of works.",피카소는 수천 점의 작품을 남긴 엄청나게 다작하는 예술가였다.
prologue,n.,"서문, 프롤로그",The prologue sets the stage for the events that follow in the main story.,프롤로그는 본론에서 이어질 사건들의 무대를 설정한다.
propaganda,n.,선전,The posters were used as a tool for political propaganda during the war.,그 포스터들은 전쟁 동안 정치적 선전의 도구로 사용되었다.
propaganda,n.,선전,The regime uses state media to push its own propaganda.,그 정권은 국영 매체를 이용해 자신들의 선전을 밀어붙인다.
propaganda,n.,"선전, 선전 활동",The dictatorial regime uses state-run media to spread political propaganda.,독재 정권은 국영 매체를 이용해 정치적 선전을 퍼뜨린다.
prophet,n.,예언자,The prophet gathered a large following with his visions of the future.,그 예언자는 미래에 대한 환상으로 많은 추종자들을 모았다.
prophylactic,adj.,예방의,Vaccination acts as a prophylactic measure against certain diseases.,예접 접종은 특정 질병에 대한 예방 조치로 작용한다.
prophylaxis,n.,예방,Taking malaria pills is a form of prophylaxis for travelers in endemic areas.,말라리아 약을 복용하는 것은 풍토병 지역 여행자들을 위한 예방의 한 형태이다.
proportion,n.,"비율, 균형",Classical architecture places a strong emphasis on mathematical proportion.,고전 건축은 수학적 비율에 강한 역점을 둔다.
proportion,n.,"비례, 부분",The head of a baby is large in proportion to the rest of its body.,아기의 머리는 나머지 신체에 비례하여 크다.
proportion,n.,비율,The artist carefully calculated the proportions to ensure a realistic figure.,화가는 사실적인 인물을 보장하기 위해 비율을 주의 깊게 계산했다.
proportional,adj.,비례하는,The force applied is directly proportional to the acceleration of the object.,가해진 힘은 물체의 가속도에 정비례한다.
prose,n.,산문,Most novels and essays are written in prose rather than verse.,대부분의 소설과 에세이는 운문이 아닌 산문으로 쓰인다.
prosecutor,n.,"검사, 기소자",The prosecutor presented compelling evidence to prove the suspect's guilt.,검사는 용의자의 유죄를 증명하기 위해 강력한 증거를 제시했다.
protagonist,n.,주인공,The protagonist of the story must overcome numerous obstacles to save his family.,이야기의 주인공은 가족을 구하기 위해 수많은 장애물을 극복해야 한다.
protein,n.,단백질,Proteins are essential for building and repairing muscle tissue.,단백질은 근육 조직을 만들고 복구하는 데 필수적이다.
protest,n.,"항의, 시위",A peaceful protest was organized outside the parliament building.,의사당 건물 밖에서 평화로운 시위가 조직되었다.
proton,n.,양성자,The number of protons in an atom determines its chemical element.,원자 내 양성자의 수가 그 화학 원소를 결정한다.
prototype,n.,"원형, 시제품",The engineers built a working prototype to test the new design.,엔지니어들은 새로운 설계를 테스트하기 위해 작동하는 시제품을 만들었다.
provenance,n.,"출처, 유래",The museum confirmed the painting's provenance before purchasing it.,박물관은 그 그림을 구입하기 전에 출처를 확인했다.
proxy,n.,"대리인, 대용물",The two major powers engaged in a proxy war by funding opposing rebel groups.,두 주요 강대국은 반대되는 반군 단체에 자금을 지원함으로써 대리전을 벌였다.
psychology,n.,심리학,Child psychology studies the mental development of children.,아동 심리학은 아동의 정신 발달을 연구한다.
psychosis,n.,정신병,Hallucinations and delusions are common symptoms of psychosis.,환각과 망상은 정신병의 흔한 증상이다.
public sector,n.,공공 부문,Jobs in the public sector generally offer more job security than private companies.,공공 부문의 일자리는 일반적으로 민간 기업보다 더 높은 직업 안정성을 제공한다.
publicity,n.,"홍보, 광고",The movie generated a lot of publicity before its official release.,그 영화는 공식 개봉 전에 많은 홍보를 창출했다.
publicity,n.,홍보,Greater publicity for environmental issues has increased public awareness.,환경 문제에 대한 더 많은 홍보는 대중의 인식을 높였다.
publish,v.,"출판하다, 발행하다",The academic journal will publish her research next month.,그 학술지는 다음 달에 그녀의 연구를 출판할 것이다.
pulley,n.,도르래,They used a simple pulley system to lift the heavy piano to the second floor.,그들은 무거운 피아노를 2층으로 끌어올리기 위해 간단한 도르래 장치를 사용했다.
punishment,n.,처벌,Punishment is used to decrease the frequency of undesirable behavior.,처벌은 바람직하지 않은 행동의 빈도를 줄이기 위해 사용된다.
qualitative,adj.,"정성적인, 질적인",Qualitative research focuses on understanding people's subjective experiences and motivations.,정성적 연구는 사람들의 주관적인 경험과 동기를 이해하는 데 초점을 맞춘다.
quantitative,adj.,"정량적인, 양적인",Quantitative analysis relies on numerical data and statistical models.,정량적 분석은 수치 데이터와 통계 모델에 의존한다.
quantum,n.,양자,Quantum computing represents a major leap forward in processing power.,양자 컴퓨팅은 처리 능력에서 주요한 도약을 의미한다.
quarantine,n.,격리,Travelers arriving from high-risk areas must undergo a mandatory quarantine.,고위험 지역에서 도착하는 여행자들은 의무적인 격리를 거쳐야 한다.
query,n.,"질의, 쿼리",The analyst ran a database query to extract last month's sales figures.,분석가는 지난달 판매 수치를 추출하기 위해 데이터베이스 쿼리를 실행했다.
quota,n.,"할당량, 쿼터",The government set a strict quota on the number of foreign cars that can be imported.,정부는 수입될 수 있는 외국 자동차의 수에 엄격한 할당량을 설정했다.
radiation,n.,"방사, 복사",The sun transfers heat to the Earth through electromagnetic radiation.,태양은 전자기 복사를 통해 지구로 열을 전달한다.
radical,adj.,급진적인,The group proposed radical changes to the current educational system.,그 그룹은 현재 교육 시스템에 대한 급진적인 변화를 제안했다.
radioactive,adj.,방사능의,Uranium is a radioactive element used as fuel in nuclear reactors.,우라늄은 원자로의 연료로 사용되는 방사성 원소이다.
radiology,n.,방사선학,The doctor reviewed the MRI images provided by the radiology department.,의사는 방사선과에서 제공한 MRI 영상을 검토했다.
rally,n.,"집회, 대회",Thousands of supporters attended the political rally in the city square.,수천 명의 지지자들이 도시 광장에서 열린 정치 집회에 참석했다.
ratify,v.,"비준하다, 승인하다",The senate must ratify the international climate treaty before it takes effect.,상원은 국제 기후 조약이 발효되기 전에 이를 비준해야 한다.
ratify,v.,"비준하다, 재가하다",The parliament must ratify the international treaty before it becomes law.,의회는 국제 조약이 법이 되기 전에 이를 비준해야 한다.
ratio,n.,"비율, 비",The ratio of men to women in the engineering department is three to one.,공학부의 남녀 비율은 3 대 1이다.
rationalism,n.,"합리주의, 이성주의",Rationalism regards reason as the chief source and test of knowledge.,합리주의는 이성을 지식의 주된 원천이자 시험대로 간주한다.
reaction,n.,반응,The chemical reaction produced a large amount of heat and gas.,그 화학 반응은 많은 양의 열과 가스를 생성했다.
reactor,n.,원자로,Engineers are continuously monitoring the core temperature of the nuclear reactor.,엔지니어들은 원자로의 노심 온도를 지속적으로 모니터링하고 있다.
real-time,adj.,실시간의,The stock market application provides real-time updates on share prices.,주식 시장 애플리케이션은 주가에 대한 실시간 업데이트를 제공한다.
realism,n.,사실주의,Realism in art emerged as a reaction against the exaggerated emotionalism of Romanticism.,예술에서의 사실주의는 낭만주의의 과장된 감정주의에 대한 반발로 등장했다.
reasoning,n.,추론,Deductive reasoning moves from general rules to specific conclusions.,연역적 추론은 일반적 규칙에서 구체적 결론으로 나아간다.
rebellion,n.,"반란, 폭동",The harsh taxes sparked a widespread peasant rebellion.,가혹한 세금은 광범위한 농민 반란을 촉발했다.
recession,n.,경기 침체,The country is slowly recovering from a severe economic recession.,그 국가는 심각한 경제 침체로부터 서서히 회복하고 있다.
reclamation,n.,"개간, 매립",Land reclamation projects are expanding the city's coastal areas.,토지 매립 프로젝트는 도시의 해안 지역을 확장하고 있다.
recognition,n.,인식,Advances in speech recognition technology have greatly improved automated customer service.,음성 인식 기술의 발전은 자동화된 고객 서비스를 크게 향상시켰다.
recycling,n.,재활용,Recycling plastic helps reduce the amount of waste in landfills.,플라스틱 재활용은 매립지의 폐기물 양을 줄이는 데 도움을 준다.
red tape,n.,"관료적 형식주의, 불필요한 절차",Small businesses often complain about the excessive red tape required to get a license.,소기업들은 면허를 얻기 위해 필요한 과도한 관료적 절차에 대해 종종 불평한다.
reef,n.,"암초, 산호초",The Great Barrier Reef is the world's largest coral reef system.,그레이트 배리어 리프(대보초)는 세계에서 가장 큰 산호초 군락이다.
refine,v.,"정제하다, 개선하다",Crude oil must be refined to produce gasoline and diesel.,원유는 휘발유와 경유를 생산하기 위해 정제되어야 한다.
reflection,n.,반사,You can see your face in the mirror because of light reflection.,당신은 빛의 반사 때문에 거울 속 자신의 얼굴을 볼 수 있다.
reforestation,n.,재조림,Reforestation projects help restore damaged forest ecosystems.,재조림 프로젝트는 손상된 산림 생태계를 복원하는 데 도움을 준다.
reform,n.,"개혁, 개선",The outdated healthcare system is in desperate need of comprehensive reform.,구식 의료 시스템은 포괄적인 개혁이 절실히 필요하다.
reform,n.,"개혁, 개선",The activist called for comprehensive reform of the criminal justice system.,그 활동가는 형사 사법 제도의 포괄적인 개혁을 촉구했다.
refraction,n.,굴절,Refraction causes a straw in a glass of water to appear bent.,굴절은 물이 담긴 유리잔 속의 빨대가 휘어 보이게 만든다.
refugee,n.,난민,Millions of refugees fled across the border to escape the civil war.,수백만 명의 난민들이 내전을 피해 국경을 넘어 도망쳤다.
regime,n.,"정권, 제도",The authoritarian regime fiercely suppresses any political opposition.,그 권위주의 정권은 어떠한 정치적 반대도 맹렬히 억압한다.
region,n.,지역,The northern region of the country is famous for its dramatic scenery.,그 나라의 북부 지역은 극적인 풍경으로 유명하다.
register,n.,"말투, 어조",One's register depends on the social situation and the listener.,말투는 사회적 상황과 청자에 따라 달라진다.
regression,n.,회귀,Linear regression can be used to predict future trends based on historical data.,선형 회귀는 과거 데이터를 기반으로 미래 추세를 예측하는 데 사용될 수 있다.
regulation,n.,"규제, 법규",Strict environmental regulations forced the factory to reduce its emissions.,엄격한 환경 규제는 공장이 배기가스를 줄이도록 강제했다.
regulation,n.,규제,Strict environmental regulation encourages companies to develop cleaner technologies.,엄격한 환경 규제는 기업들이 더 깨끗한 기술을 개발하도록 장려한다.
rehabilitation,n.,재활,The rehabilitation program helped the athlete recover from a serious knee injury.,재활 프로그램은 그 운동선수가 심각한 무릎 부상에서 회복하도록 도왔다.
rehearsal,n.,"리허설, 예행연습",The actors had a final dress rehearsal the night before opening day.,배우들은 개막일 전날 밤에 최종 복장 리허설을 했다.
reign,n.,"통치, 치세","During her long reign, the country experienced unprecedented peace and prosperity.","그녀의 긴 통치 기간 동안, 국가는 전례 없는 평화와 번영을 누렸다."
reimburse,v.,"배상하다, 환급해주다",The company will reimburse you for any travel expenses incurred during the business trip.,회사는 출장 중 발생한 모든 출장비를 환급해 줄 것이다.
reincarnation,n.,"환생, 윤회",The belief in reincarnation is central to both Hinduism and Buddhism.,환생에 대한 믿음은 힌두교와 불교 모두에서 중심이 된다.
reinforcement,n.,강화,Positive reinforcement is more effective than punishment for changing behavior.,행동을 변화시키는 데는 처벌보다 긍정적 강화가 더 효과적이다.
reinforcement,n.,강화,Intermittent reinforcement is highly effective at maintaining behavior.,간헐적 강화는 행동을 유지하는 데 매우 효과적이다.
relativism,n.,상대주의,Moral relativism posits that moral judgments are true or false only relative to a specific standpoint.,도덕적 상대주의는 도덕적 판단이 특정 관점에 상대적으로만 참이거나 거짓이라고 상정한다.
relativity,n.,상대성,Einstein's theory of relativity revolutionized our understanding of space and time.,아인슈타인의 상대성 이론은 시공간에 대한 우리의 이해에 혁명을 일으켰다.
reliability,n.,신뢰성,The reliability of the test means it will produce consistent results every time.,검사의 신뢰성은 그것이 매번 일관된 결과를 산출할 것임을 의미한다.
relic,n.,"유물, 유적",The sword is a precious relic from a forgotten medieval war.,그 검은 잊혀진 중세 전쟁의 귀중한 유물이다.
remedial,adj.,"교정하는, 보충하는",Remedial classes are available for students who need extra help with math.,수학에 추가적인 도움이 필요한 학생들을 위해 보충 수업이 제공된다.
remediation,n.,복원,Soil remediation techniques are used to clean up sites contaminated by chemicals.,토양 복원 기술은 화학 물질로 오염된 지역을 정화하는 데 사용된다.
remission,n.,관해(완화),The cancer has been in remission for over five years.,암은 5년 넘게 관해 상태이다.
remote,adj.,"외딴, 멀리 떨어진",They live in a remote village that is accessible only by boat.,그들은 배로만 접근할 수 있는 외딴 마을에 산다.
renaissance,n.,"르네상스, 부흥",The Renaissance was a period of great cultural and artistic change in Europe.,"르네상스는 유럽에서 문화적, 예술적으로 큰 변화가 있었던 시기였다."
rendition,n.,"연주, 곡 해석",The singer gave a moving rendition of the national anthem.,가수는 국가를 감동적으로 부르며 해석을 선보였다.
rendition,n.,"공연, 해석",The singer's rendition of the jazz standard was truly unique.,그 가수의 재즈 표준곡 연주는 정말 독특했다.
renewable,adj.,재생 가능한,The government invested heavily in renewable energy infrastructure.,정부는 재생 에너지 인프라에 막대한 투자를 했다.
renewable,adj.,재생 가능한,Renewable energy sources like wind and solar power are gaining popularity.,풍력과 태양광 같은 재생 가능한 에너지원이 인기를 얻고 있다.
renewable,adj.,재생 가능한,The transition to renewable energy is necessary for a cleaner future.,더 깨끗한 미래를 위해서는 재생 에너지로의 전환이 필수적이다.
renewable,adj.,재생 가능한,Solar and wind are popular forms of renewable energy.,태양열과 풍력은 인기 있는 형태의 재생 가능 에너지이다.
renovation,n.,"수리, 개조",The historic theater is currently undergoing extensive renovation.,그 역사적인 극장은 현재 대대적인 수리를 거치고 있다.
renovation,n.,개조,The museum underwent a major renovation to modernize its facilities.,박물관은 시설을 현대화하기 위해 대규모 개조를 거쳤다.
repeal,v.,(법률을) 폐지하다,The newly elected government promised to repeal the unpopular tax law.,새로 선출된 정부는 인기 없는 세법을 폐지하겠다고 약속했다.
repertoire,n.,연주목록,The orchestra has a vast repertoire of classical music.,오케스트라는 방대한 클래식 음악 연주 목록을 가지고 있다.
repertoire,n.,"레퍼토리, 연주 목록",The pianist added two Chopin nocturnes to his repertoire.,피아니스트는 자신의 연주 목록에 쇼팽의 야상곡 두 곡을 추가했다.
replicate,v.,"복제하다, 재현하다",Other researchers were unable to replicate the results of the initial study.,다른 연구자들은 초기 연구의 결과를 재현할 수 없었다.
repression,n.,억압,Psychological repression is a defense mechanism against painful memories.,심리적 억압은 고통스러운 기억에 대한 방어 기제이다.
reproduce,v.,"번식하다, 재생산하다",Bacteria can reproduce rapidly under the right environmental conditions.,박테리아는 적절한 환경 조건에서 빠르게 번식할 수 있다.
reptile,n.,파충류,Snakes and lizards are classified as cold-blooded reptiles.,뱀과 도마뱀은 냉혈 파충류로 분류된다.
republic,n.,공화국,A republic is a form of government where the head of state is an elected official.,공화국은 국가 원수가 선출된 관리인 정부 형태이다.
reserve,n.,보호구역,The nature reserve is off-limits to visitors to protect sensitive wildlife.,그 자연 보호구역은 민감한 야생 동물을 보호하기 위해 방문객의 출입이 금지되어 있다.
resilience,n.,회복력,Building resilience in infrastructure is key to dealing with extreme weather.,기반 시설의 회복력을 구축하는 것은 극한 날씨에 대처하는 핵심이다.
resilience,n.,회복탄력성,Emotional resilience helps people cope with traumatic events.,정서적 회복탄력성은 사람들이 외상 사건에 대처하도록 돕는다.
resistance,n.,저항,Materials with high electrical resistance are used as insulators.,전기 저항이 높은 물질은 절연체로 사용된다.
resolution,n.,"결말, 해소",The resolution of the conflict was satisfying for most readers.,갈등의 결말은 대부분의 독자들에게 만족스러웠다.
resolution,n.,"결의안, 해결",The UN Security Council passed a resolution condemning the attack.,유엔 안전보장이사회는 그 공격을 규탄하는 결의안을 통과시켰다.
resonance,n.,"공명, 울림",The singer's voice was powerful enough to shatter the glass through resonance.,그 가수의 목소리는 공명을 통해 유리를 깰 만큼 강력했다.
resource,n.,자원,We must manage our natural resources more efficiently for future generations.,우리는 미래 세대를 위해 천연자원을 더 효율적으로 관리해야 한다.
resource,n.,자원,The country is rich in natural resources like oil and minerals.,그 국가는 석유와 광물 같은 천연자원이 풍부하다.
respiration,n.,호흡,Cellular respiration is the process by which cells generate energy.,세포 호흡은 세포가 에너지를 생성하는 과정이다.
respiratory,adj.,호흡의,Smoking causes damage to the respiratory system over time.,흡연은 시간이 지남에 따라 호흡기 계통에 손상을 입힌다.
response,n.,반응,Conditioning involves creating an association between a stimulus and a response.,조건화는 자극과 반응 사이의 연관성을 만드는 것을 포함한다.
restitution,n.,"배상, 반환",The court ordered the thief to pay full restitution to the victims.,법원은 도둑에게 피해자들에게 전액 배상하라고 명령했다.
restoration,n.,복원,The meticulous restoration brought the fresco back to its original splendor.,정교한 복원 작업은 프레스코화를 원래의 화려함으로 되돌렸다.
restore,v.,복원하다,The group is working hard to restore the wetland to its former state.,그 그룹은 습지를 예전 상태로 복원하기 위해 열심히 노력하고 있다.
restructure,v.,구조조정하다,The CEO plans to restructure the organization to make it more efficient.,CEO는 조직을 더 효율적으로 만들기 위해 구조조정할 계획이다.
retail,n.,소매,Retail prices are always higher than wholesale prices.,소매 가격은 항상 도매 가격보다 높다.
retrieve,v.,"검색하다, 되찾다",The system allows users to retrieve deleted files within 30 days.,이 시스템은 사용자가 삭제된 파일을 30일 이내에 복구(검색)할 수 있게 해준다.
revenue,n.,"수익, 세입",Tax revenue dropped significantly during the economic recession.,경제 침체기 동안 세입이 크게 감소했다.
revenue,n.,"수익, 매출",The software company reported a record-breaking revenue this quarter.,그 소프트웨어 회사는 이번 분기에 기록적인 수익을 보고했다.
revise,v.,"수정하다, 개정하다",The author had to revise the ending before the book could be published.,작가는 책이 출판되기 전에 결말을 수정해야 했다.
revolution,n.,혁명,The Industrial Revolution dramatically changed how goods were produced.,산업 혁명은 상품이 생산되는 방식을 극적으로 변화시켰다.
rhetoric,n.,"수사학, 미사여구",The politician's speech was full of empty rhetoric rather than concrete plans.,그 정치인의 연설은 구체적인 계획보다는 공허한 미사여구로 가득 차 있었다.
rhetoric,n.,수사학,Aristotle's treatise on rhetoric is still studied in universities today.,아리스토텔레스의 수사학 논문은 오늘날에도 대학에서 연구된다.
rigid,adj.,"단단한, 뻣뻣한",A rigid body does not deform when external forces are applied.,강체(단단한 물체)는 외부의 힘이 가해질 때 변형되지 않는다.
rigorous,adj.,"엄격한, 철저한",The new drug must undergo rigorous testing before it can be sold to the public.,신약이 대중에게 판매되기 전에 엄격한 테스트를 거쳐야 한다.
ritual,n.,"의식, 의례",The indigenous tribe performs a rain dance ritual every spring.,그 토착 부족은 매년 봄 기우제 의식을 수행한다.
rivet,n.,"대갈못, 리벳 / v. 리벳으로 고정하다",Millions of steel rivets were used to construct the Eiffel Tower.,에펠탑을 짓는 데 수백만 개의 강철 리벳이 사용되었다.
robotics,n.,로봇 공학,Advancements in robotics have transformed modern manufacturing floors.,로봇 공학의 발전은 현대 제조 현장을 변화시켰다.
robust,adj.,"탄탄한, 견고한",The system requires a robust firewall to prevent cyber attacks.,그 시스템은 사이버 공격을 막기 위해 견고한 방화벽을 필요로 한다.
role,n.,역할,Every member of the community plays a specific role in maintaining order.,공동체의 모든 구성원은 질서를 유지하는 데 특정한 역할을 한다.
rote,n.,기계적 암기,Learning by rote is less effective than understanding the underlying concepts.,기계적 암기에 의한 학습은 근본적인 개념을 이해하는 것보다 덜 효과적이다.
router,n.,"라우터, 공유기","If your Wi-Fi is slow, try restarting the wireless router.",Wi-Fi가 느리면 무선 라우터를 재시작해 보십시오.
royalty,n.,"인세, 저작권 사용료",The author receives a 10% royalty on every book sold.,작가는 판매되는 모든 책에 대해 10%의 인세를 받는다.
rudimentary,adj.,"기초적인, 가장 기본의",He has only a rudimentary understanding of the complex subject.,그는 그 복잡한 주제에 대해 단지 기초적인 이해만 가지고 있다.
ruins,n.,"폐허, 유적",Tourists flocked to see the spectacular ruins of the ancient temple.,관광객들은 고대 신전의 장엄한 유적을 보기 위해 몰려들었다.
runoff,n.,지표 유출수,Fertilizer runoff from farms pollutes nearby streams.,농장에서의 비료 유출수는 근처 개울을 오염시킨다.
runoff,n.,"땅 위를 흐르는 빗물, 유출수",Agricultural runoff can carry harmful pesticides into nearby rivers.,농경지에서 흘러내린 빗물은 유해한 살충제를 근처 강으로 운반할 수 있다.
sacred,adj.,"신성한, 성스러운",Cows are considered sacred animals in Hinduism.,힌두교에서 소는 신성한 동물로 여겨진다.
salinity,n.,"염도, 염분","The Dead Sea has an extremely high salinity, allowing people to float easily.",사해는 염도가 극히 높아서 사람들이 쉽게 물에 뜰 수 있다.
salvation,n.,구원,The priest preached about sin and salvation.,그 신부는 죄와 구원에 대해 설교했다.
sample,n.,"표본, 샘플","A random sample of 1,000 voters was selected for the pre-election poll.","선거 전 여론조사를 위해 1,000명의 유권자가 무작위 표본으로 선정되었다."
sanction,n.,제재 / v. 허가하다,The UN imposed strict economic sanctions on the country for developing nuclear weapons.,유엔은 핵무기 개발을 이유로 그 국가에 엄격한 경제 제재를 가했다.
sanitation,n.,위생 시설,Improving sanitation is key to preventing waterborne diseases.,위생 시설을 개선하는 것은 수인성 질병을 예방하는 데 핵심이다.
satellite,n.,"위성, 인공위성",The moon is Earth's only natural satellite.,달은 지구의 유일한 자연 위성이다.
satire,n.,풍자,The novel is a brilliant satire on modern consumer society.,그 소설은 현대 소비 사회에 대한 훌륭한 풍자이다.
saturation,n.,포화,The media market is reaching a state of saturation.,미디어 시장은 포화 상태에 도달하고 있다.
scalable,adj.,확장 가능한,Cloud computing provides a highly scalable solution for growing businesses.,클라우드 컴퓨팅은 성장하는 기업에 매우 확장 가능한 솔루션을 제공한다.
scalpel,n.,메스,The surgeon carefully used the scalpel to make the incision.,외과의사는 절개를 하기 위해 메스를 조심스럽게 사용했다.
scarcity,n.,"희소성, 부족",The scarcity of clean water is a major problem in many developing countries.,깨끗한 물의 희소성은 많은 개발도상국에서 주요 문제이다.
schema,n.,스키마,A schema is a mental framework that helps organize information.,스키마는 정보를 조직하도록 돕는 정신적 뼈대이다.
scholastic,adj.,"학업의, 학교의",The student received an award for her outstanding scholastic achievements.,그 학생은 뛰어난 학업 성취로 상을 받았다.
screening,n.,"검사, 선별",Regular cancer screening is recommended for people over fifty.,50세 이상에게는 정기적인 암 검사가 권장된다.
sculptor,n.,조각가,The sculptor uses clay to model the initial form of the statue.,조각가는 점토를 사용하여 동상의 초기 형태를 만든다.
sculptural,adj.,조각적인,The building's curved facade gives it a sculptural quality.,건물의 곡선 외관은 그것에 조각적인 특성을 부여한다.
sculpture,n.,조각(품),The marble sculpture was meticulously carved by hand.,그 대리석 조각품은 손으로 정교하게 조각되었다.
seamlessly,adv.,"매끄럽게, 끊김없이",The new smartphone integrates seamlessly with other smart home devices.,새 스마트폰은 다른 스마트 홈 기기들과 매끄럽게 통합된다.
sectarian,adj.,"종파의, 파벌적인",The country has been torn apart by years of violent sectarian conflict.,그 나라는 수년간의 폭력적인 종파 분쟁으로 분열되었다.
secular,adj.,"세속적인, 비종교적인",The country has a strictly secular government.,그 국가는 엄격하게 세속적인 정부를 가지고 있다.
secular,adj.,"세속적인, 비종교적인",A secular state remains neutral in matters of religion.,세속 국가는 종교 문제에 있어 중립을 유지한다.
secularism,n.,세속주의,Secularism promotes the separation of government institutions from religious institutions.,세속주의는 종교 기관으로부터 정부 기관의 분리를 촉진한다.
secularism,n.,세속주의,The separation of church and state is a key principle of secularism.,정교 분리는 세속주의의 핵심 원칙이다.
sedative,n.,진정제,The patient was given a mild sedative to calm their anxiety before the procedure.,환자는 시술 전 불안을 진정시키기 위해 가벼운 진정제를 투여받았다.
sedentary,adj.,앉아서 생활하는,A sedentary lifestyle increases the risk of heart disease.,앉아서 생활하는 라이프스타일은 심장 질환의 위험을 증가시킨다.
sediment,n.,퇴적물,Rivers carry sediment downstream and deposit it into the ocean.,강은 퇴적물을 하류로 운반하여 바다에 퇴적시킨다.
segregation,n.,"분리, 차별",The civil rights movement fought to end racial segregation in public schools.,민권 운동은 공립학교의 인종 차별(분리)을 끝내기 위해 싸웠다.
segregation,n.,"차별, 분리",The landmark civil rights act aimed to end racial segregation in public places.,그 획기적인 민권법은 공공장소에서의 인종 차별(분리)을 끝내는 것을 목표로 했다.
seismic,adj.,지진의,Seismic waves generated by the earthquake traveled across the globe.,지진에 의해 발생한 지진파는 전 세계로 퍼져나갔다.
self-esteem,n.,자존감,High self-esteem is correlated with better psychological well-being.,높은 자존감은 더 나은 심리적 안녕과 상관관계가 있다.
semantics,n.,의미론,Semantics explores how meaning is encoded in language.,의미론은 의미가 언어에 어떻게 암호화되는지 탐구한다.
semantics,n.,의미론,Semantics focuses on how meaning is constructed and interpreted in language.,의미론은 언어에서 의미가 어떻게 구성되고 해석되는지에 초점을 맞춘다.
semiconductor,n.,반도체,Silicon is the most widely used material in the semiconductor industry.,실리콘은 반도체 산업에서 가장 널리 사용되는 재료이다.
seminar,n.,"세미나, 토론식 수업",The graduate seminar focused on contemporary literary theory.,그 대학원 세미나는 현대 문학 이론에 초점을 맞추었다.
senate,n.,상원,The bill passed the House of Representatives but was blocked in the Senate.,그 법안은 하원을 통과했지만 상원에서 막혔다.
sensation,n.,감각,Sensation is the initial processing of environmental stimuli.,감각은 환경적 자극의 초기 처리 과정이다.
sensationalism,n.,선정주의,The news outlet was criticized for its sensationalism rather than objective reporting.,그 뉴스 매체는 객관적인 보도보다는 선정주의로 비판받았다.
sensationalism,n.,선정주의,Sensationalism in news often prioritizes shock value over accuracy.,뉴스에서의 선정주의는 종종 정확성보다 충격 가치를 우선시한다.
sensor,n.,"센서, 감지기",The temperature sensor will automatically shut off the machine if it overheats.,온도 센서는 기계가 과열되면 자동으로 기계를 차단한다.
sentence,v.,"형을 선고하다 / n. 형벌, 선고",The judge will sentence the convicted murderer next week.,판사는 다음 주에 유죄 판결을 받은 살인범에게 형을 선고할 것이다.
sequence,n.,"순서, 배열",The DNA sequence determines the genetic makeup of an organism.,DNA 서열은 유기체의 유전적 구성을 결정한다.
sequestration,n.,"격리, (탄소) 저장",Carbon sequestration involves capturing and storing atmospheric carbon dioxide.,탄소 격리는 대기 중의 이산화탄소를 포집하여 저장하는 것을 포함한다.
serotonin,n.,세로토닌,Low levels of serotonin are associated with symptoms of depression.,낮은 수치의 세로토닌은 우울증 증상과 관련이 있다.
server,n.,서버,The company's website went down because the main server crashed.,메인 서버가 다운되어 회사의 웹사이트가 접속 불능 상태가 되었다.
setting,n.,배경,The setting of the story is a small village in 19th-century England.,이야기의 배경은 19세기 영국의 작은 마을이다.
settlement,n.,"정착(지), 합의",The pioneers built a new settlement near the river.,개척자들은 강 근처에 새로운 정착지를 건설했다.
settlement,n.,정착지,Archaeologists discovered an ancient settlement dating back to the Bronze Age.,고고학자들은 청동기 시대로 거슬러 올라가는 고대 정착지를 발견했다.
shareholder,n.,주주,Shareholders were pleased to hear that the company's profits had doubled.,주주들은 회사의 이익이 두 배로 늘었다는 소식을 듣고 기뻐했다.
significant,adj.,"유의미한, 중요한",The medical trial showed a statistically significant improvement in the patients' condition.,그 의학 시험은 환자들의 상태에서 통계적으로 유의미한 호전을 보여주었다.
simile,n.,직유(법),"Her writing is full of similes, such as 'as brave as a lion'.",그녀의 글은 '사자처럼 용감한'과 같은 직유로 가득 차 있다.
simulate,v.,"시뮬레이션하다, 모의실험하다",Flight simulators are used to safely simulate emergency situations for pilots.,비행 시뮬레이터는 조종사들을 위해 비상 상황을 안전하게 모의실험하는 데 사용된다.
skeleton,n.,"골격, 해골",The human skeleton provides support and protects internal organs.,인간의 골격은 지지력을 제공하고 내부 장기를 보호한다.
skepticism,n.,회의주의,Philosophical skepticism doubts the possibility of certainty in knowledge.,철학적 회의주의는 지식에 있어서 확실성의 가능성을 의심한다.
sketch,n.,스케치,He made a quick sketch of the landscape before painting it.,그는 그림을 그리기 전에 풍경을 빠르게 스케치했다.
sketch,v.,스케치하다,He likes to sketch people on the subway for practice.,그는 연습을 위해 지하철에서 사람들을 스케치하는 것을 좋아한다.
slang,n.,"속어, 은어",Teenagers often use slang that their parents find confusing.,십 대들은 종종 부모들이 혼란스러워하는 속어를 사용한다.
slang,n.,속어,"Slang evolves rapidly, especially among younger generations.",속어는 특히 젊은 세대 사이에서 빠르게 진화한다.
socialism,n.,사회주의,Socialism advocates for social ownership of the means of production.,사회주의는 생산 수단의 사회적 소유를 옹호한다.
socialization,n.,사회화,Family and school are the primary agents of socialization.,가족과 학교는 사회화의 주된 주체이다.
sociolinguistics,n.,사회언어학,Sociolinguistics examines the relationship between language and society.,사회언어학은 언어와 사회 사이의 관계를 검토한다.
sociology,n.,사회학,Sociology helps us understand the complex dynamics of human societies.,사회학은 인간 사회의 복잡한 역학을 이해하는 데 도움을 준다.
sociology,n.,사회학,Sociology examines social structures and the behavior of individuals within groups.,사회학은 사회 구조와 집단 내 개인의 행동을 검토한다.
software,n.,소프트웨어,You need to install specialized software to edit these video files.,이 비디오 파일들을 편집하려면 특수 소프트웨어를 설치해야 한다.
solidarity,n.,"연대, 결속",The workers showed solidarity by going on strike together.,노동자들은 함께 파업을 함으로써 연대를 보여주었다.
solipsism,n.,유아론,Solipsism is the philosophical idea that only one's own mind is sure to exist.,유아론은 오직 자신의 마음만이 확실히 존재한다는 철학적 사상이다.
soluble,adj.,"용해되는, 녹는",Sugar is highly soluble in warm water.,설탕은 따뜻한 물에 잘 녹는다.
solution,n.,용액,"To make a saltwater solution, dissolve the salt completely in water.",소금물 용액을 만들려면 소금을 물에 완전히 녹이세요.
solvent,n.,용매,Water is often called the universal solvent because it dissolves many substances.,물은 많은 물질을 녹이기 때문에 종종 만능 용매라고 불린다.
sonnet,n.,소네트 (14행시),Shakespeare wrote 154 sonnets dealing with themes of love and time.,셰익스피어는 사랑과 시간이라는 주제를 다룬 154편의 소네트를 썼다.
sovereign,n.,"군주, 국왕 / adj. 자주적인","As a sovereign state, they have the right to determine their own laws.",주권 국가로서 그들은 스스로의 법을 결정할 권리가 있다.
sovereignty,n.,"주권, 통치권",The treaty respects the sovereignty and territorial integrity of both nations.,그 조약은 두 국가의 주권과 영토 보전을 존중한다.
sovereignty,n.,"주권, 통치권",The treaty recognized the nation's sovereignty and independence.,그 조약은 그 국가의 주권과 독립을 인정했다.
sovereignty,n.,"주권, 통치권",The island nation declared its absolute sovereignty and independence.,그 섬나라는 절대적인 주권과 독립을 선언했다.
spatial,adj.,공간의,The spatial layout of the gallery allows for easy visitor flow.,갤러리의 공간 배치는 방문객들이 쉽게 이동할 수 있게 해준다.
spatial,adj.,"공간의, 공간적인",The designer used mirrors to create an illusion of spatial depth.,디자이너는 공간적 깊이감의 착각을 일으키기 위해 거울을 사용했다.
specialist,n.,전문의,He was referred to a specialist to treat his skin condition.,그는 피부 질환을 치료하기 위해 전문의에게 의뢰되었다.
species,n.,종(생물 분류의 기초 단위),There are thousands of different species of birds in the world.,세계에는 수천 종의 다른 새들이 있다.
spectrum,n.,"스펙트럼, 범위",A prism can split white light into a spectrum of colors.,프리즘은 백색광을 색상의 스펙트럼으로 나눌 수 있다.
spire,n.,첨탑,The church's spire rises high above the surrounding buildings.,교회의 첨탑은 주변 건물들 위로 높이 솟아 있다.
spire,n.,첨탑,The church's tall spire can be seen from miles away.,그 교회의 높은 첨탑은 수 마일 밖에서도 볼 수 있다.
stagnation,n.,"경기 침체, 정체",Economic stagnation combined with inflation is known as stagflation.,인플레이션과 결합된 경제 정체는 스태그플레이션으로 알려져 있다.
stakeholder,n.,이해관계자,The company held a meeting to address the concerns of local stakeholders.,회사는 지역 이해관계자들의 우려를 해결하기 위해 회의를 열었다.
standardized,adj.,표준화된,Standardized parts make it easier and cheaper to repair machines.,표준화된 부품은 기계를 수리하는 것을 더 쉽고 저렴하게 만든다.
standardized,adj.,표준화된,Standardized tests are often criticized for not capturing a student's full potential.,표준화된 시험은 학생의 완전한 잠재력을 포착하지 못한다는 이유로 종종 비판받는다.
static,adj.,"정적인, 정지 상태의",Static electricity can build up when you rub a balloon against your hair.,풍선을 머리카락에 문지르면 정전기가 발생할 수 있다.
statistics,n.,"통계학, 통계 자료",Statistics show a clear link between smoking and lung cancer.,통계는 흡연과 폐암 사이의 명확한 연관성을 보여준다.
status,n.,지위,His social status improved significantly after he got the promotion.,그는 승진한 후 사회적 지위가 크게 향상되었다.
statute,n.,"법령, 법규","According to the state statute, it is illegal to carry a concealed weapon.","주 법령에 따르면, 숨겨진 무기를 소지하는 것은 불법이다."
stellar,adj.,"별의, 항성의",Stellar evolution describes the life cycle of a star.,항성 진화는 별의 일생을 설명한다.
stereotype,n.,고정관념,The advertisement reinforces negative gender stereotypes.,그 광고는 부정적인 성별 고정관념을 강화한다.
stereotyping,n.,고정관념화,Stereotyping can prevent us from seeing people as individuals.,고정관념은 우리가 사람들을 개인으로 보는 것을 방해할 수 있다.
sterilization,n.,살균,Proper sterilization of medical equipment prevents the spread of infection.,의료 장비의 적절한 살균은 감염 확산을 방지한다.
stewardship,n.,관리,Environmental stewardship is the responsibility of every citizen.,환경 관리는 모든 시민의 책임이다.
stigma,n.,"오명, 낙인",There is still a social stigma attached to mental health issues.,정신 건강 문제에는 여전히 사회적 낙인이 수반된다.
stimulus,n.,자극,The brain reacts quickly to visual and auditory stimuli.,뇌는 시각 및 청각적 자극에 빠르게 반응한다.
stimulus,n.,"경기 부양책, 자극",The government issued stimulus checks to help families during the crisis.,정부는 위기 동안 가족들을 돕기 위해 경기 부양 지원금을 지급했다.
stoicism,n.,"스토아주의, 극기",Stoicism teaches the development of self-control and fortitude as a means of overcoming destructive emotions.,스토아주의는 파괴적인 감정을 극복하는 수단으로써 자제력과 불굴의 용기 개발을 가르친다.
strain,n.,"부담, 변형",The heavy load put a massive strain on the bridge's support beams.,무거운 하중은 다리의 지지보에 엄청난 변형(부담)을 주었다.
stratify,v.,계층화하다,Societies are often stratified based on wealth and social status.,사회는 종종 부와 사회적 지위를 기반으로 계층화된다.
stratosphere,n.,성층권,The ozone layer is located within the Earth's stratosphere.,오존층은 지구의 성층권 내에 위치해 있다.
stratum,n.,"지층, 단층",Geologists study each rock stratum to understand past climates.,지질학자들은 과거의 기후를 이해하기 위해 각각의 암석 지층을 연구한다.
streaming,n.,스트리밍 (실시간 재생),Video streaming services have largely replaced traditional DVD rentals.,비디오 스트리밍 서비스가 전통적인 DVD 대여를 크게 대체했다.
streamline,v.,"유선형으로 하다, 간소화하다",The software helps to streamline the supply chain process.,그 소프트웨어는 공급망 프로세스를 간소화하는 데 도움을 준다.
stress,n.,스트레스,Chronic stress has detrimental effects on both physical and mental health.,"만성 스트레스는 신체적, 정신적 건강 모두에 해로운 영향을 미친다."
stretcher,n.,들것,Paramedics placed the patient on a stretcher to carry them to the ambulance.,구급대원들은 환자를 구급차로 옮기기 위해 들것에 태웠다.
stroke,n.,"붓놀림, 터치",You can see the artist's bold brush strokes on the canvas.,캔버스에서 화가의 대담한 붓놀림을 볼 수 있다.
structural,adj.,구조(상)의,The earthquake caused significant structural damage to the building.,지진은 건물에 상당한 구조적 손상을 일으켰다.
stylized,adj.,양식화된,The artist's stylized figures are easily recognizable.,그 화가의 양식화된 인물들은 쉽게 알아볼 수 있다.
subconscious,n.,잠재의식,The trauma was buried deep within his subconscious.,그 트라우마는 그의 잠재의식 깊은 곳에 묻혀 있었다.
subconscious,n.,잠재의식,The subconscious mind influences decisions without our awareness.,잠재의식은 우리가 인지하지 못하는 사이에 결정에 영향을 준다.
subjective,adj.,주관적인,The appreciation of art is inherently subjective.,예술의 감상은 본질적으로 주관적이다.
subjective,adj.,주관적인,"Pain is highly subjective; what one person finds unbearable, another may tolerate.","통증은 매우 주관적이라서, 한 사람이 참을 수 없는 것을 다른 사람은 견딜 수도 있다."
subjugation,n.,"정복, 예속",The indigenous population suffered brutal subjugation under colonial rule.,원주민들은 식민 통치 하에서 잔혹한 예속을 겪었다.
subpoena,n.,소환장 / v. 소환하다,The committee issued a subpoena demanding the CEO to testify.,위원회는 CEO에게 증언할 것을 요구하는 소환장을 발부했다.
subsequent,adj.,"그 다음의, 차후의","The initial rebellion was crushed, but subsequent uprisings eventually succeeded.","초기 반란은 진압되었지만, 그 다음의 봉기들은 결국 성공했다."
subsidiary,n.,자회사,The smartphone manufacturer operates as a wholly-owned subsidiary of the parent group.,그 스마트폰 제조업체는 모그룹의 완전 자회사로 운영된다.
subsidy,n.,보조금,The agricultural sector receives a heavy government subsidy to keep food prices low.,농업 부문은 식량 가격을 낮게 유지하기 위해 막대한 정부 보조금을 받는다.
subsidy,n.,보조금,The government provides a subsidy for purchasing electric vehicles.,정부는 전기차 구매에 대한 보조금을 제공한다.
substitute,n.,대체재,Margarine is often used as a cheaper substitute for butter.,마가린은 종종 버터의 더 저렴한 대체재로 사용된다.
successor,n.,"후계자, 계승자",The dying king named his eldest daughter as his rightful successor.,죽어가는 왕은 자신의 장녀를 합법적인 후계자로 지명했다.
suffrage,n.,"투표권, 선거권",The women's suffrage movement fought for decades to gain the right to vote.,여성 참정권 운동은 투표권을 얻기 위해 수십 년 동안 싸웠다.
summit,n.,정상 회담,Leaders from the G7 countries gathered for the annual economic summit.,G7 국가의 지도자들이 연례 경제 정상 회담을 위해 모였다.
supernatural,adj.,초자연적인,He doesn't believe in ghosts or other supernatural phenomena.,그는 유령이나 다른 초자연적인 현상을 믿지 않는다.
supernova,n.,초신성,A supernova is the explosive death of a massive star.,초신성은 거대한 별이 폭발하며 죽음을 맞이하는 것이다.
supply,n.,공급,"When the supply of a product is limited, its price usually goes up.","제품의 공급이 제한될 때, 보통 그 가격은 올라간다."
surgery,n.,수술,She requires open-heart surgery to repair the damaged valve.,그녀는 손상된 판막을 고치기 위해 개흉 심장 수술이 필요하다.
surgery,n.,수술,Minimal invasive surgery reduces recovery time and post-operative pain.,최소 침습 수술은 회복 시간과 수술 후 통증을 줄여준다.
surplus,n.,"흑자, 잉여",The state ended the fiscal year with a massive budget surplus.,그 주는 막대한 예산 흑자로 회계 연도를 마감했다.
surplus,n.,"흑자, 잉여",A trade surplus occurs when a country exports more than it imports.,무역 흑자는 한 국가가 수입하는 것보다 수출을 더 많이 할 때 발생한다.
surrealism,n.,초현실주의,Surrealism aims to express the workings of the unconscious mind through dreamlike imagery.,초현실주의는 꿈같은 이미지를 통해 무의식의 작용을 표현하는 것을 목표로 한다.
surrender,v.,"항복하다, 포기하다","Outnumbered and out of supplies, the rebel forces were forced to surrender.",수적으로 열세이고 물자가 바닥난 반란군은 항복할 수밖에 없었다.
surveillance,n.,감시,Advanced AI software is being used for video surveillance in public areas.,첨단 AI 소프트웨어가 공공장소의 비디오 감시에 사용되고 있다.
survey,n.,설문 조사,The online survey aims to gather consumer feedback on the new product.,온라인 설문 조사는 신제품에 대한 소비자 피드백을 수집하는 것을 목표로 한다.
survival,n.,생존,Camouflage is a crucial survival mechanism for many prey animals.,위장은 많은 피식자 동물들에게 중요한 생존 메커니즘이다.
suspension,n.,"현탁액, 서스펜션(완충 장치)",The car's suspension system absorbs shocks from rough roads.,자동차의 완충 장치는 거친 도로의 충격을 흡수한다.
sustain,v.,유지하다,The earth's resources may not be enough to sustain the growing population.,지구의 자원은 늘어나는 인구를 유지하기에 충분하지 않을 수 있다.
sustainability,n.,지속 가능성,The company is committed to long-term environmental sustainability.,그 회사는 장기적인 환경 지속 가능성에 전념하고 있다.
sustainability,n.,지속 가능성,Sustainable development seeks to meet present needs without compromising the future.,지속 가능한 개발은 미래를 저해하지 않으면서 현재의 필요를 충족시키려고 한다.
sustainable,adj.,지속 가능한,Sustainable development seeks balance between economic growth and environmental protection.,지속 가능한 개발은 경제 성장과 환경 보호 사이의 균형을 모색한다.
sustainable,adj.,지속 가능한,The company is committed to sustainable manufacturing practices.,그 회사는 지속 가능한 제조 관행에 전념하고 있다.
sustainable,adj.,지속 가능한,Sustainable farming practices protect the long-term health of the soil.,지속 가능한 농업 관행은 토양의 장기적인 건강을 보호한다.
suture,n.,봉합,The doctor used stitches for the suture of the large wound.,의사는 큰 상처를 봉합하기 위해 실을 사용했다.
syllable,n.,음절,The word 'computer' has three syllables.,'computer'라는 단어는 3개의 음절을 가진다.
syllabus,n.,강의 계획서,The professor distributed the syllabus on the first day of class.,교수는 수업 첫날에 강의 계획서를 배부했다.
syllogism,n.,삼단 논법,"A classic syllogism consists of a major premise, a minor premise, and a conclusion.","고전적인 삼단 논법은 대전제, 소전제, 그리고 결론으로 구성된다."
symbiosis,n.,공생,The relationship between bees and flowers is a perfect example of symbiosis.,벌과 꽃의 관계는 공생의 완벽한 예이다.
symbolism,n.,상징주의,Symbolism in literature uses objects to represent deeper meanings.,문학에서의 상징주의는 사물을 사용하여 더 깊은 의미를 나타낸다.
symbolism,n.,상징주의,The author uses heavy symbolism to convey the character's internal turmoil.,작가는 등장인물의 내면적 혼란을 전달하기 위해 무거운 상징주의를 사용한다.
symmetry,n.,대칭,The building's design relies on perfect symmetry for its aesthetic impact.,건물의 디자인은 미적 효과를 위해 완벽한 대칭에 의존한다.
symmetry,n.,대칭,The butterfly's wings exhibit perfect bilateral symmetry.,나비의 날개는 완벽한 좌우 대칭을 보여준다.
symphony,n.,교향곡,Beethoven's Ninth Symphony is celebrated for its emotional depth.,베토벤의 교향곡 9번은 그 감정적 깊이로 찬양받는다.
symptom,n.,증상,High fever and persistent cough are common symptoms of the virus.,고열과 지속적인 기침은 그 바이러스의 흔한 증상이다.
symptom,n.,증상,Fever and a sore throat are common symptoms of a cold.,열과 인후통은 감기의 흔한 증상이다.
synapse,n.,시냅스,A synapse is the junction between two nerve cells.,시냅스는 두 신경 세포 사이의 연결 지점이다.
synchronize,v.,동기화하다,Make sure to synchronize your mobile device with your computer to back up photos.,사진을 백업하려면 모바일 장치를 컴퓨터와 동기화해야 합니다.
syndrome,n.,증후군,Stockholm syndrome occurs when hostages develop feelings for their captors.,스톡홀름 증후군은 인질들이 납치범에게 감정을 느낄 때 발생한다.
syntax,n.,통사론,Syntax examines the rules governing sentence structure in a language.,통사론은 언어의 문장 구조를 지배하는 규칙을 검토한다.
syntax,n.,구문,A single syntax error can prevent the entire computer program from running.,단 하나의 구문 오류만으로도 전체 컴퓨터 프로그램이 실행되지 않을 수 있다.
syntax,n.,"구문론, 통사론",A computer program will not run if there is an error in its syntax.,컴퓨터 프로그램은 구문에 오류가 있으면 실행되지 않는다.
synthesize,v.,합성하다,Chemists managed to synthesize the rare compound in the laboratory.,화학자들은 실험실에서 그 희귀한 화합물을 합성해 냈다.
synthetic,adj.,"합성의, 인조의",Nylon is a synthetic fiber created through chemical processes.,나일론은 화학 공정을 통해 만들어진 합성 섬유이다.
synthetic,adj.,"합성의, 인조의",Synthetic rubber is widely used in the production of car tires.,합성 고무는 자동차 타이어 생산에 널리 사용된다.
systemic,adj.,전신의,Systemic infection means the bacteria have spread throughout the body.,전신 감염은 박테리아가 몸 전체로 퍼졌음을 의미한다.
taboo,n.,금기,"In some cultures, eating certain types of meat is a strict taboo.",어떤 문화권에서는 특정 종류의 고기를 먹는 것이 엄격한 금기이다.
tariff,n.,관세,The country imposed a high tariff on imported steel to protect local industries.,그 국가는 국내 산업을 보호하기 위해 수입 철강에 높은 관세를 부과했다.
tautology,n.,동어 반복,Saying 'he is a bachelor who is unmarried' is a logical tautology.,'그는 미혼인 독신남이다'라고 말하는 것은 논리적 동어 반복이다.
tectonic,adj.,"지질 구조의, 구조적인",The movement of tectonic plates is responsible for earthquakes and mountain formation.,지각판(구조판)의 움직임은 지진과 산맥 형성의 원인이 된다.
telecommunication,n.,"원격 통신, 전기 통신",The telecommunication sector has grown exponentially over the last two decades.,원격 통신 부문은 지난 20년 동안 기하급수적으로 성장했다.
teleology,n.,목적론,Teleology is the explanation of phenomena by the purpose they serve rather than by postulated causes.,목적론은 가정한 원인보다는 그것이 기여하는 목적에 의해 현상을 설명하는 것이다.
telescope,n.,망원경,The Hubble Space Telescope has captured stunning images of distant galaxies.,허블 우주 망원경은 먼 은하들의 놀라운 이미지들을 포착했다.
tempo,n.,"속도, 박자",The conductor increased the tempo during the final movement of the piece.,지휘자는 곡의 마지막 악장 동안 박자를 빠르게 했다.
tensile,adj.,"장력의, 늘어나는",The engineers tested the tensile strength of the steel cables.,엔지니어들은 강철 케이블의 인장 강도를 테스트했다.
tentative,adj.,"잠정적인, 머뭇거리는",The researchers reached a tentative conclusion based on early data.,연구원들은 초기 데이터를 바탕으로 잠정적인 결론에 도달했다.
tenure,n.,"재임 기간, 종신권","During her tenure as mayor, crime rates dropped by twenty percent.",그녀가 시장으로 재임하는 동안 범죄율이 20% 떨어졌다.
tenure,n.,(교수의) 종신 재직권,Achieving academic tenure is a major milestone for university professors.,종신 재직권을 얻는 것은 대학교수들에게 주요한 이정표이다.
terminal,n.,단말기,Employees access the central database through their desktop terminals.,직원들은 데스크톱 단말기를 통해 중앙 데이터베이스에 접속한다.
terrain,n.,"지형, 지대","The soldiers struggled to march across the rough, mountainous terrain.",군인들은 거칠고 산악이 많은 지형을 행군하는 데 어려움을 겪었다.
tertiary,adj.,"제3차의, (교육에서) 고등 교육의",More students are pursuing tertiary education to improve their career prospects.,더 많은 학생들이 직업 전망을 개선하기 위해 고등 교육을 추구하고 있다.
testimony,n.,증언,The key witness's testimony was crucial to the prosecution's case.,핵심 증인의 증언은 검찰의 사건에 결정적이었다.
texture,n.,질감,The thick layers of paint give the artwork a unique physical texture.,두꺼운 물감 층이 그 예술 작품에 독특한 물리적 질감을 부여한다.
texture,n.,질감,The artist used heavy paint applications to create a rough texture.,화가는 거친 질감을 만들기 위해 물감을 두껍게 덧발랐다.
theatrical,adj.,연극적인,"The lighting design was very theatrical, enhancing the drama on stage.",조명 디자인은 매우 연극적이어서 무대 위의 드라마를 강조했다.
theatrical,adj.,"연극의, 연극적인",His theatrical gestures drew everyone's attention.,그의 연극적인 몸짓이 모든 사람의 주의를 끌었다.
theme,n.,주제,The underlying theme of the novel is the struggle between good and evil.,그 소설의 근원적인 주제는 선과 악 사이의 투쟁이다.
theology,n.,신학,Theology is the systematic study of the nature of the divine and religious belief.,신학은 신성의 본질과 종교적 믿음에 대한 체계적인 연구이다.
theology,n.,신학,He is studying theology to become a priest.,그는 신부가 되기 위해 신학을 공부하고 있다.
theorem,n.,"정리, 법칙",The Pythagorean theorem applies only to right-angled triangles.,피타고라스의 정리는 직각 삼각형에만 적용된다.
therapeutic,adj.,치료의,The therapeutic benefits of regular exercise are well-documented.,규칙적인 운동의 치료적 이점은 잘 기록되어 있다.
therapy,n.,"치료, 요법",Physical therapy helped him regain mobility after the accident.,물리 치료는 그가 사고 후 이동 능력을 되찾는 데 도움을 주었다.
therapy,n.,"치료, 요법",Cognitive behavioral therapy is highly effective for treating anxiety.,인지 행동 치료는 불안증 치료에 매우 효과적이다.
thermal,adj.,열의,Thermal pollution from power plants can harm aquatic life.,발전소에서 나오는 온(열) 오염은 수생 생물에 해를 끼칠 수 있다.
thermal,adj.,"열의, 보온의",Thermal imaging cameras can detect heat emitted by living bodies.,열화상 카메라는 생명체가 방출하는 열을 감지할 수 있다.
thermodynamics,n.,열역학,The laws of thermodynamics govern the transfer of heat and energy.,열역학 법칙은 열과 에너지의 전달을 지배한다.
threshold,n.,"임계점, 문턱","If the temperature drops below a certain threshold, the water will freeze.",온도가 특정 임계점 아래로 떨어지면 물이 얼 것이다.
tide,n.,"조수, 밀물과 썰물",The gravitational pull of the moon causes the ocean tides.,달의 중력이 바다의 조수 간만의 차를 일으킨다.
tissue,n.,조직,Muscle tissue is responsible for movement in the body.,근육 조직은 신체의 움직임을 담당한다.
tolerance,n.,"공차, 내성",The machine cuts metal with a tolerance of less than one millimeter.,그 기계는 1밀리미터 미만의 공차로 금속을 자른다.
tolerance,n.,"허용 오차, 공차",Precision engineering requires parts to be machined to very tight tolerances.,정밀 공학은 부품들이 매우 엄격한 허용 오차 내로 가공될 것을 요구한다.
topography,n.,"지형, 지형학",A satellite was used to map the complex topography of the ocean floor.,위성을 사용하여 해저의 복잡한 지형을 지도화했다.
topography,n.,"지형, 지세",The rugged topography of the region makes travel difficult.,그 지역의 험준한 지형은 여행을 어렵게 만든다.
torque,n.,"회전력, 토크",You need a wrench with a longer handle to apply more torque.,더 많은 회전력을 가하려면 손잡이가 더 긴 렌치가 필요하다.
toxic,adj.,"유독한, 독성의",The factory leaked toxic chemicals into the nearby river.,그 공장은 근처 강으로 유독 화학 물질을 유출했다.
toxic,adj.,유독한,Toxic chemicals from the factory leaked into the groundwater.,공장에서 나온 유독 화학 물질이 지하수로 유출되었다.
toxicology,n.,독성학,Toxicology is the study of the adverse effects of chemicals on living organisms.,독성학은 화학 물질이 생명체에 미치는 유해한 영향을 연구하는 학문이다.
trace,v.,"추적하다, (기원을) 더듬어 올라가다",Linguists can trace the origins of the word back to ancient Latin.,언어학자들은 그 단어의 기원을 고대 라틴어까지 추적할 수 있다.
tradition,n.,전통,The family has a long-standing tradition of gathering for the holidays.,그 가족은 명절에 모이는 오랜 전통을 가지고 있다.
tragedy,n.,비극,Hamlet is considered one of Shakespeare's greatest tragedies.,햄릿은 셰익스피어의 가장 위대한 비극 중 하나로 여겨진다.
trait,n.,"특성, 형질",Height and hair texture are inherited biological traits.,키와 머리카락 질감은 유전되는 생물학적 특성이다.
trajectory,n.,"궤적, 경로",The missile's trajectory was carefully tracked by radar.,미사일의 궤적은 레이더에 의해 주의 깊게 추적되었다.
transaction,n.,거래,The bank charges a small fee for every international transaction.,은행은 모든 국제 거래에 대해 약간의 수수료를 부과한다.
transcendental,adj.,"초월적인, 선험적인",He had a transcendental experience that changed his perspective on life.,그는 삶에 대한 관점을 바꾼 초월적인 경험을 했다.
transformer,n.,변압기,The transformer decreases the high voltage from the power lines for safe home use.,변압기는 안전한 가정용 사용을 위해 전력선의 고전압을 낮춘다.
translucent,adj.,반투명한,"The frosted glass is translucent, allowing some light to pass through.",불투명 유리는 반투명하여 약간의 빛이 통과하게 해준다.
transmission,n.,"전송, 송신",Fiber-optic cables allow for the rapid transmission of large amounts of data.,광섬유 케이블은 대량의 데이터를 빠르게 전송할 수 있게 해준다.
transparency,n.,투명성,The new reporting system aims to improve transparency in government spending.,새로운 보고 시스템은 정부 지출의 투명성을 향상시키는 것을 목표로 한다.
transparency,n.,투명성,The media demands transparency from public figures.,언론은 공인들에게 투명성을 요구한다.
transparency,n.,투명성,The media is calling for more transparency in how the funds are managed.,언론은 자금이 관리되는 방식에 있어 더 많은 투명성을 요구하고 있다.
transparent,adj.,투명한,The crystal-clear water in the lake is completely transparent.,호수의 수정처럼 맑은 물은 완전히 투명하다.
transparent,adj.,"투명한, 명백한",Citizens are demanding a more transparent government budgeting process.,시민들은 더 투명한 정부 예산 편성 과정을 요구하고 있다.
transplant,n.,이식,The patient is waiting for a kidney transplant.,그 환자는 신장 이식을 기다리고 있다.
trauma,n.,"정신적 외상, 트라우마",Therapy can help individuals process childhood trauma.,치료는 개인들이 어린 시절의 트라우마를 처리하는 데 도움을 줄 수 있다.
trauma,n.,"외상, 트라우마",Long-term trauma requires careful and specialized care.,장기적인 트라우마는 주의 깊고 전문적인 돌봄이 필요하다.
treason,n.,반역죄,Providing classified military secrets to an enemy state is an act of treason.,적국에 기밀 군사 비밀을 제공하는 것은 반역 행위이다.
treaty,n.,"조약, 협정",The two nations signed a peace treaty to end the decades-long war.,두 국가는 수십 년간의 전쟁을 끝내기 위해 평화 조약에 서명했다.
treaty,n.,"조약, 협정",The peace treaty officially ended the five-year war.,평화 조약은 5년간의 전쟁을 공식적으로 종식시켰다.
trench,n.,해구,The Mariana Trench is the deepest known point in the Earth's oceans.,마리아나 해구는 지구의 바다에서 가장 깊은 곳으로 알려져 있다.
triage,n.,환자 분류,Triage protocols are used to manage limited resources during a health crisis.,환자 분류 프로토콜은 보건 위기 시 제한된 자원을 관리하기 위해 사용된다.
triage,n.,환자 분류,"In the emergency room, nurses perform triage to prioritize critical patients.",응급실에서 간호사들은 위급한 환자들에게 우선순위를 두기 위해 환자 분류를 수행한다.
troposphere,n.,대류권,All human activity and most weather events occur in the troposphere.,모든 인간의 활동과 대부분의 기상 현상은 대류권에서 일어난다.
tsunami,n.,"쓰나미, 지진 해일",An underwater earthquake triggered a massive tsunami that struck the coast.,수중 지진이 해안을 강타한 거대한 쓰나미를 촉발했다.
tuition,n.,"수업료, 등록금",The rising cost of university tuition has become a major political issue.,대학 등록금 상승은 주요 정치적 이슈가 되었다.
turbine,n.,터빈,Wind turbines convert the kinetic energy of the wind into electrical power.,풍력 터빈은 바람의 운동 에너지를 전력으로 변환한다.
typology,n.,유형론,Linguistic typology classifies languages based on their structural features.,언어 유형론은 언어들을 구조적 특징에 기반하여 분류한다.
tyrant,n.,"폭군, 독재자","The tyrant ruled the country with an iron fist, allowing no opposition.",폭군은 어떤 반대도 허용하지 않고 철권 통치로 나라를 다스렸다.
ubiquitous,adj.,어디에나 존재하는,Digital devices have become ubiquitous in daily life.,디지털 기기들은 일상생활에서 어디에나 존재하게 되었다.
ubiquitous,adj.,"어디에나 있는, 아주 흔한",Smartphones have become ubiquitous in modern society.,스마트폰은 현대 사회에서 아주 흔한 것이 되었다.
ubiquity,n.,편재성,The ubiquity of smartphones has changed how we consume news.,스마트폰의 편재성은 우리가 뉴스를 소비하는 방식을 바꾸었다.
unconscious,adj.,"무의식적인, 의식을 잃은",Dreams are often considered a window into our unconscious desires.,꿈은 종종 우리의 무의식적인 욕망을 들여다보는 창으로 여겨진다.
uncover,v.,"발견하다, 알아내다",The investigation helped uncover the truth behind the historical conspiracy.,그 조사는 역사적 음모 이면의 진실을 밝혀내는 데 도움이 되었다.
undergraduate,n.,"학부생, 학부의",The university offers a wide range of undergraduate programs.,그 대학은 폭넓은 학부 과정을 제공한다.
universal grammar,n.,보편 문법,Universal grammar is the theory that humans are born with a mental structure for language.,보편 문법은 인간이 언어를 위한 정신적 구조를 가지고 태어난다는 이론이다.
updraft,n.,상승 기류,Strong updrafts within the storm clouds lead to the formation of hail.,폭풍 구름 내의 강한 상승 기류는 우박의 형성으로 이어진다.
upgrade,v.,업그레이드하다,We strongly recommend that you upgrade to the latest version for better performance.,더 나은 성능을 위해 최신 버전으로 업그레이드할 것을 강력히 권장합니다.
uprising,n.,"봉기, 반란",The military quickly suppressed the armed uprising.,군대는 무장 봉기를 신속하게 진압했다.
upwelling,n.,용승 (심해의 찬물이 표층으로 올라오는 현상),"Upwelling brings nutrient-rich water to the surface, supporting abundant marine life.",용승 현상은 영양분이 풍부한 물을 표면으로 끌어올려 풍부한 해양 생물을 부양한다.
urbanization,n.,도시화,Rapid urbanization has led to significant environmental challenges.,급속한 도시화는 중대한 환경적 문제를 초래했다.
urbanization,n.,도시화,Global urbanization presents both opportunities and challenges for city planning.,전 세계적인 도시화는 도시 계획에 기회와 도전을 동시에 제시한다.
urbanization,n.,도시화,Rapid urbanization has led to infrastructure challenges in many developing nations.,급속한 도시화는 많은 개발도상국에서 기반 시설 문제를 초래했다.
urbanization,n.,도시화,Urbanization often leads to increased energy consumption in cities.,도시화는 종종 도시 내 에너지 소비 증가로 이어진다.
user-generated,adj.,사용자가 만든,User-generated content now makes up a significant part of the internet.,사용자가 만든 콘텐츠는 이제 인터넷의 상당 부분을 차지한다.
utilitarianism,n.,공리주의,Utilitarianism advocates actions that maximize happiness and well-being for the majority.,공리주의는 다수의 행복과 안녕을 극대화하는 행동을 옹호한다.
utility,n.,"효용, 유용성",Consumers make choices to maximize their total utility.,소비자들은 자신의 총 효용을 극대화하기 위해 선택을 한다.
utterance,n.,"발화, 말",Children's first utterances are usually simple syllables like 'ma' or 'da'.,아이들의 첫 발화는 대개 'ma'나 'da'와 같은 단순한 음절이다.
vaccine,n.,백신,The vaccine stimulates the immune system to produce antibodies.,백신은 면역 체계가 항체를 생성하도록 자극한다.
vacuum,n.,진공,"Outer space is a near-perfect vacuum, containing very little matter.",우주 공간은 물질이 거의 없는 거의 완벽한 진공 상태이다.
vacuum,n.,진공,Sound waves cannot travel through a vacuum because they need a medium.,음파는 매질이 필요하기 때문에 진공을 통과할 수 없다.
validity,n.,타당성,The committee questioned the validity of the experiment's results.,위원회는 그 실험 결과의 타당성에 의문을 제기했다.
value,n.,가치,The philosopher questioned what gives human life its intrinsic value.,그 철학자는 무엇이 인간의 삶에 내재적 가치를 부여하는지 질문했다.
variable,n.,변수,"In the equation y = 2x, both x and y are variables.",방정식 y = 2x에서 x와 y는 모두 변수이다.
variance,n.,분산,The variance measures how far each number in the set is from the mean.,분산은 세트 내의 각 숫자가 평균에서 얼마나 떨어져 있는지 측정한다.
vault,n.,"아치형 천장, 둥근 천장",The ceiling features a beautiful ribbed vault.,천장에는 아름다운 늑골 모양의 아치형 천장이 특징이다.
vaulted,adj.,아치형의,"The church features a high, vaulted ceiling made of stone.",그 교회는 돌로 만들어진 높은 아치형 천장이 특징이다.
vein,n.,정맥,Veins carry deoxygenated blood back to the heart.,정맥은 산소가 제거된 혈액을 다시 심장으로 운반한다.
velocity,n.,속도,The rocket must reach escape velocity to leave the Earth's atmosphere.,로켓은 지구 대기권을 벗어나기 위해 탈출 속도에 도달해야 한다.
verdict,n.,"평결, 판결","The court delivered a guilty verdict, surprising many legal experts.",법원은 유죄 평결을 내려 많은 법률 전문가들을 놀라게 했다.
verify,v.,"확인하다, 검증하다",The bank will send an SMS code to verify your recent transaction.,은행은 귀하의 최근 거래를 확인하기 위해 SMS 코드를 보낼 것입니다.
verify,v.,"검증하다, 확인하다",Fact-checkers work to verify the accuracy of claims made in news articles.,팩트 체크 담당자들은 뉴스 기사에서 주장된 내용의 정확성을 검증하기 위해 일한다.
vernacular,n.,토착 양식,The architect incorporated vernacular styles into the modern house design.,건축가는 현대적인 집 디자인에 토착적인 양식을 포함시켰다.
verse,n.,"운문, (시의) 연",The play is written entirely in blank verse.,그 희곡은 전체가 무운시로 쓰였다.
vertebrate,n.,척추동물,"Birds, fish, and humans are all examples of vertebrates.","새, 물고기, 인간은 모두 척추동물의 예이다."
veto,n.,거부권 / v. 거부권을 행사하다,The president threatened to veto the controversial spending bill.,대통령은 논란이 많은 지출 법안에 거부권을 행사하겠다고 위협했다.
vice,n.,"악덕, 결함",Greed is a vice that can destroy relationships.,탐욕은 관계를 파괴할 수 있는 악덕이다.
virtual,adj.,가상의,Virtual memory allows a computer to compensate for physical memory shortages.,가상 메모리는 컴퓨터가 물리적 메모리 부족을 보완할 수 있게 해준다.
virtual reality,n.,가상 현실 (VR),Virtual reality headsets provide an immersive gaming experience.,가상 현실 헤드셋은 몰입감 있는 게임 경험을 제공한다.
virtuality,n.,가상성,The virtuality of online communication can sometimes mask true intentions.,온라인 의사소통의 가상성은 때때로 진정한 의도를 숨길 수 있다.
virtue,n.,"미덕, 선",Patience is often considered a great virtue.,인내는 종종 큰 미덕으로 여겨진다.
virtuosity,n.,거장다운 기교,Her virtuosity on the violin left the audience in complete silence.,바이올린에 대한 그녀의 거장다운 기교는 관객을 완전히 침묵에 빠뜨렸다.
virtuoso,n.,거장,He is a piano virtuoso known for his technical precision.,그는 기술적 정확성으로 유명한 피아노 거장이다.
virtuoso,n.,"거장, 명연주자",He is a violin virtuoso who started playing at the age of three.,그는 3살 때 연주를 시작한 바이올린 거장이다.
viscosity,n.,"점도, 점성",Honey has a much higher viscosity than water.,꿀은 물보다 훨씬 높은 점도를 가지고 있다.
visualize,v.,시각화하다,She visualized the final painting in her mind before touching the brush.,그녀는 붓을 대기 전에 마음속으로 최종 그림을 시각화했다.
vocabulary,n.,어휘,Reading regularly is a great way to expand your vocabulary.,규칙적으로 독서하는 것은 어휘력을 확장하는 좋은 방법이다.
vocational,adj.,"직업의, 직업과 관련된",Vocational training schools offer practical skills for specific trades.,직업 훈련 학교는 특정 직종을 위한 실용적인 기술을 제공한다.
volatile,adj.,휘발성의,Volatile organic compounds in paints can contribute to poor indoor air quality.,페인트의 휘발성 유기 화합물은 실내 공기 질 저하의 원인이 될 수 있다.
volatile,adj.,"변동성이 큰, 불안정한",The cryptocurrency market is known to be extremely volatile.,암호화폐 시장은 변동성이 매우 큰 것으로 알려져 있다.
volatile,adj.,"휘발성의, 변덕스러운",Alcohol is a volatile liquid that evaporates quickly at room temperature.,알코올은 실온에서 빨리 증발하는 휘발성 액체이다.
volcano,n.,화산,The active volcano is closely monitored by scientists for signs of an eruption.,그 활화산은 분출 징후가 있는지 과학자들에 의해 면밀히 감시되고 있다.
voltage,n.,전압,You must use an adapter because the electrical voltage is different in this country.,이 나라는 전압이 다르기 때문에 어댑터를 사용해야 한다.
voltage,n.,전압,High voltage power lines can be very dangerous.,고전압 전력선은 매우 위험할 수 있다.
volume,n.,"부피, 음량",The volume of a sphere can be calculated using a specific mathematical formula.,구의 부피는 특정한 수학 공식을 사용하여 계산될 수 있다.
volume,n.,"권, 책",The encyclopedia consists of twenty separate volumes.,그 백과사전은 20개의 별도 권으로 구성되어 있다.
vowel,n.,모음,A syllable must contain at least one vowel sound.,하나의 음절은 적어도 하나의 모음 소리를 포함해야 한다.
vulnerability,n.,취약점,The software company offered a reward for finding any security vulnerability.,그 소프트웨어 회사는 보안 취약점을 발견하는 것에 대해 보상금을 제공했다.
ward,n.,병동,The patient was moved to the intensive care ward.,환자는 집중 치료 병동으로 옮겨졌다.
warming,n.,온난화,Global warming is caused by human-induced increases in greenhouse gases.,지구 온난화는 인간에 의한 온실가스 증가로 발생한다.
warrant,n.,영장,The police cannot search your home without a valid search warrant.,경찰은 유효한 수색 영장 없이 당신의 집을 수색할 수 없다.
waste,n.,폐기물,Proper management of hazardous waste is required by law.,위험 폐기물의 적절한 관리는 법에 의해 요구된다.
wattage,n.,전력(량),Check the wattage of the lightbulb before installing it.,설치하기 전에 전구의 전력량을 확인하시오.
wavelength,n.,파장,Red light has a longer wavelength than blue light.,빨간빛은 파란빛보다 긴 파장을 가진다.
weathering,n.,풍화 (작용),Chemical weathering slowly breaks down rocks over thousands of years.,화학적 풍화 작용은 수천 년에 걸쳐 서서히 암석을 분해한다.
weight,n.,"무게, 중량",An astronaut's weight on the moon is about one-sixth of that on Earth.,달에서의 우주비행사의 무게는 지구에서의 약 6분의 1이다.
weld,v.,용접하다,Robots are often used to weld car parts together on the assembly line.,로봇은 조립 라인에서 자동차 부품들을 용접하는 데 종종 사용된다.
welfare,n.,"복지, 후생",The state's social welfare system provides support for the unemployed and elderly.,국가의 사회 복지 제도는 실업자와 노인을 위한 지원을 제공한다.
welfare,n.,복지,The government is introducing new measures to improve social welfare.,정부는 사회 복지를 개선하기 위한 새로운 조치들을 도입하고 있다.
wholesale,n.,도매,The restaurant buys its ingredients wholesale to save money.,그 식당은 돈을 절약하기 위해 재료를 도매로 산다.
wireless,adj.,무선의,Wireless technology has eliminated the need for cumbersome cables.,무선 기술은 번거로운 케이블의 필요성을 없앴다.
working memory,n.,작업 기억,Working memory capacity limits the information we can handle at once.,작업 기억 용량은 우리가 한 번에 처리할 수 있는 정보의 양을 제한한다.
yield,n.,"산출량, 수확량 / v. 산출하다",The new agricultural technique dramatically increased the crop yield.,새로운 농업 기술은 농작물 수확량을 극적으로 증가시켰다.
yield,n.,수익률 / v. 산출하다,Government bonds offer a low but stable yield for conservative investors.,국채는 보수적인 투자자들에게 낮지만 안정적인 수익률을 제공한다.
zoning,n.,구획 (용도 지역제),The city changed the zoning laws to allow for more apartment buildings downtown.,시는 시내에 더 많은 아파트 건물을 허용하기 위해 구획 법을 변경했다.
